disease,year,month,expected,observed,period,oe_ratio,pct_change,expected_lo80,expected_hi80,expected_lo95,expected_hi95,below_pi95,above_pi95,date,deficit,excess,cum_deficit,cum_excess,cum_net,debt_ratio
Influenza (laboratory confirmed),2020,3,5974.067279659972,5972,covid_acute,0.9996539577538722,-0.03460422461277733,3748.404170458064,9936.86877373749,2972.981771624554,13273.177203583007,FALSE,FALSE,2020-03-01,2.067279659971973,0,2.067279659971973,0,-2.067279659971973,0
Influenza (laboratory confirmed),2020,4,4160.42231493778,327,covid_acute,0.0785977901392182,-92.14022098607818,1956.684969862077,9962.052530876746,1363.237341057451,16832.81899622282,TRUE,FALSE,2020-04-01,3833.4223149377804,0,3835.4895945977523,0,-3835.4895945977523,0
Influenza (laboratory confirmed),2020,5,4300.706853875534,297,covid_acute,0.0690584153003504,-93.09415846996497,1794.3142301252162,12142.195017139931,1187.8576137141654,23017.597279071106,TRUE,FALSE,2020-05-01,4003.706853875534,0,7839.196448473286,0,-7839.196448473286,0
Influenza (laboratory confirmed),2020,6,6500.762983729222,193,covid_acute,0.02968882275558427,-97.03111772444156,2407.7070130837924,21808.87712453876,1517.3242175803762,46935.34289109685,TRUE,FALSE,2020-06-01,6307.762983729222,0,14146.959432202508,0,-14146.959432202508,0
Influenza (laboratory confirmed),2020,7,9232.357114308636,231,covid_acute,0.02502069592195344,-97.49793040780466,3129.203283077631,35433.909593801756,1902.7945989157136,84606.45582788711,TRUE,FALSE,2020-07-01,9001.357114308636,0,23148.316546511145,0,-23148.316546511145,0
Influenza (laboratory confirmed),2020,8,18192.944767908022,115,covid_acute,0.00632113170611376,-99.36788682938862,5344.948081313483,87775.65807617341,3073.336185274649,252774.05709795817,TRUE,FALSE,2020-08-01,18077.944767908022,0,41226.261314419164,0,-41226.261314419164,0
Influenza (laboratory confirmed),2020,9,16699.421514877828,61,covid_acute,0.00365282114387339,-99.63471788561266,4947.2918304276545,79466.42484601488,2853.8360463403264,226184.12315757293,TRUE,FALSE,2020-09-01,16638.421514877828,0,57864.682829296995,0,-57864.682829296995,0
Influenza (laboratory confirmed),2020,10,7618.457970587869,41,covid_acute,0.00538166649449091,-99.4618333505509,2601.1830154865715,28910.47278291139,1586.3463704171816,68417.47238658449,TRUE,FALSE,2020-10-01,7577.457970587869,0,65442.14079988486,0,-65442.14079988486,0
Influenza (laboratory confirmed),2020,11,5625.670849446642,53,covid_acute,0.0094210986419892,-99.05789013580107,2019.6634391411603,19774.72473227543,1256.787380387278,44096.698258408825,TRUE,FALSE,2020-11-01,5572.670849446642,0,71014.8116493315,0,-71014.8116493315,0
Influenza (laboratory confirmed),2020,12,4919.694049937608,54,covid_acute,0.01097629231652826,-98.90237076834715,1804.3416524100703,16747.634994081036,1132.558984537051,36444.084342764014,TRUE,FALSE,2020-12-01,4865.694049937608,0,75880.50569926911,0,-75880.50569926911,0
Influenza (laboratory confirmed),2021,1,6577.14046147705,66,covid_acute,0.01003475604429742,-98.99652439557026,2295.5484969919835,24130.835300289666,1412.3216827683611,55619.87547144698,TRUE,FALSE,2021-01-01,6511.14046147705,0,82391.64616074617,0,-82391.64616074617,0
Influenza (laboratory confirmed),2021,2,6946.843239485607,46,covid_acute,0.00662171268505638,-99.33782873149435,2401.015790724174,25871.1683048736,1471.4381309015246,60330.12581865796,TRUE,FALSE,2021-02-01,6900.843239485607,0,89292.48940023177,0,-89292.48940023177,0
Influenza (laboratory confirmed),2021,3,9132.717548969087,50,covid_acute,0.00547482167623196,-99.4525178323768,2955.8929133066954,37674.53819152798,1764.8711372515434,95289.57925057985,TRUE,FALSE,2021-03-01,9082.717548969087,0,98375.20694920086,0,-98375.20694920086,0
Influenza (laboratory confirmed),2021,4,9317.646380372918,72,covid_acute,0.00772727328992263,-99.22727267100774,2909.072585382698,40709.40910926283,1712.569017046671,107899.8099337313,TRUE,FALSE,2021-04-01,9245.646380372918,0,107620.85332957377,0,-107620.85332957377,0
Influenza (laboratory confirmed),2021,5,13592.43420114793,67,covid_acute,0.00492921275236643,-99.50707872476336,3875.556273645462,68936.00477052125,2203.0350455171983,207199.70061445344,TRUE,FALSE,2021-05-01,13525.43420114793,0,121146.2875307217,0,-121146.2875307217,0
Influenza (laboratory confirmed),2021,6,21584.644820694422,59,covid_acute,0.00273342464006789,-99.7266575359932,5534.095148966304,131461.8681729387,3022.4848508749183,465214.0052096982,TRUE,FALSE,2021-06-01,21525.644820694422,0,142671.93235141612,0,-142671.93235141612,0
Influenza (laboratory confirmed),2021,7,27350.769681069705,72,covid_acute,0.00263246705082063,-99.73675329491792,6620.994945458049,184669.7447425688,3540.268152204565,719765.1865610974,TRUE,FALSE,2021-07-01,27278.769681069705,0,169950.70203248583,0,-169950.70203248583,0
Influenza (laboratory confirmed),2021,8,39654.35135377402,43,covid_acute,0.00108437027796465,-99.89156297220352,8784.403905389812,315859.8335804648,4548.431311965887,1448104.1134089874,TRUE,FALSE,2021-08-01,39611.35135377402,0,209562.05338625985,0,-209562.05338625985,0
Influenza (laboratory confirmed),2021,9,25026.8493572648,63,covid_acute,0.00251729648828977,-99.74827035117102,6155.40396232194,164182.11216717024,3310.556357019239,622661.9835348184,TRUE,FALSE,2021-09-01,24963.8493572648,0,234525.90274352464,0,-234525.90274352464,0
Influenza (laboratory confirmed),2021,10,8281.902300431933,55,covid_acute,0.00664098633439947,-99.33590136656004,2558.0671259200067,36816.45027977825,1499.639764881263,98986.32641088468,TRUE,FALSE,2021-10-01,8226.902300431933,0,242752.80504395658,0,-242752.80504395658,0
Influenza (laboratory confirmed),2021,11,4990.525027715885,62,covid_acute,0.01242354254425547,-98.75764574557444,1691.2928382745256,19157.020530501533,1028.3893703523388,45747.96219997036,TRUE,FALSE,2021-11-01,4928.525027715885,0,247681.33007167248,0,-247681.33007167248,0
Influenza (laboratory confirmed),2021,12,4240.154442862724,105,covid_acute,0.02476324893701505,-97.5236751062985,1478.3059087265913,15582.241898388407,909.1262491989224,35961.857082017734,TRUE,FALSE,2021-12-01,4135.154442862724,0,251816.4845145352,0,-251816.4845145352,0
Influenza (laboratory confirmed),2022,1,7123.973671119064,39,transition,0.00547447278730238,-99.45255272126975,2262.525462353424,30284.598816241927,1340.8794776182422,78489.16148383686,TRUE,FALSE,2022-01-01,7084.973671119064,0,258901.45818565425,0,-258901.45818565425,0
Influenza (laboratory confirmed),2022,2,6998.623206434153,33,transition,0.00471521312501316,-99.52847868749868,2229.980217078485,29597.35939746009,1323.2835339595763,76383.6221266076,TRUE,FALSE,2022-02-01,6965.623206434153,0,265867.08139208844,0,-265867.08139208844,0
Influenza (laboratory confirmed),2022,3,7029.257732662004,324,transition,0.04609306022377132,-95.39069397762286,2134.408572705637,32125.66975390958,1243.006771383564,88386.5203972757,TRUE,FALSE,2022-03-01,6705.257732662004,0,272572.3391247504,0,-272572.3391247504,0
Influenza (laboratory confirmed),2022,4,5629.900233160937,5725,transition,1.0168919097853475,1.6891909785347743,1631.152324538822,27797.973076723923,932.9130304032504,81647.24529611721,FALSE,FALSE,2022-04-01,0,95.0997668390628,272572.3391247504,95.0997668390628,-272477.23935791134,3.4889735012890545e-4
Influenza (laboratory confirmed),2022,5,6567.921043971916,54194,transition,8.251317218519189,725.1317218519189,1764.6245601115136,36859.4611794304,980.7650922979622,121105.1653909474,FALSE,FALSE,2022-05-01,0,47626.07895602808,272572.3391247504,47721.178722867146,-224851.16040188324,0.1750771148536323
Influenza (laboratory confirmed),2022,6,10097.217451194772,111037,transition,10.996791991130324,999.6791991130324,2412.850658677013,69807.68453073848,1284.0618067296873,278317.07073942554,FALSE,FALSE,2022-06-01,0,100939.78254880523,272572.3391247504,148660.9612716724,-123911.37785307801,0.5454000275634481
Influenza (laboratory confirmed),2022,7,13787.733159889567,44665,transition,3.2394737758587246,223.9473775858725,3026.0692843313914,111790.88813499406,1561.6485520096232,521840.1986959975,FALSE,FALSE,2022-07-01,0,30877.26684011043,272572.3391247504,179538.2281117828,-93034.1110129676,0.658681026432444
Influenza (laboratory confirmed),2022,8,24380.130070365576,6573,transition,0.26960479624305134,-73.03952037569486,4611.362106227827,265892.64378266473,2258.633674573115,1707719.880544223,FALSE,FALSE,2022-08-01,17807.130070365576,0,290379.469195116,179538.2281117828,-110841.24108333321,0.6182882991329696
Influenza (laboratory confirmed),2022,9,19503.091991962898,2710,transition,0.13895232618072942,-86.10476738192706,3891.097614983593,190713.8705471347,1941.4880526515544,1084643.2088324311,FALSE,FALSE,2022-09-01,16793.091991962898,0,307172.5611870789,179538.2281117828,-127634.33307529608,0.5844865420855013
Influenza (laboratory confirmed),2022,10,7870.941497203625,1528,transition,0.1941317948485407,-80.58682051514593,1943.7453860504977,51258.58652284301,1046.9652611228323,193061.05255710983,FALSE,FALSE,2022-10-01,6342.941497203625,0,313515.5026842825,179538.2281117828,-133977.27457249968,0.5726614045385247
Influenza (laboratory confirmed),2022,11,5365.788544997299,1892,transition,0.3526042787809769,-64.73957212190231,1438.629388964251,30222.23256950773,798.9507312446997,99620.1949838678,FALSE,FALSE,2022-11-01,3473.788544997299,0,316989.2912292798,179538.2281117828,-137451.06311749702,0.5663857836191759
Influenza (laboratory confirmed),2022,12,4638.854281601912,4648,transition,1.0019715468180066,0.1971546818006553,1281.5846655968846,24816.46189604069,719.8279132677571,78145.36348907427,FALSE,FALSE,2022-12-01,0,9.14571839808832,316989.2912292798,179547.3738301809,-137441.91739909892,0.5664146354405186
Influenza (laboratory confirmed),2023,1,6785.515552655411,3653,post_covid,0.5383526088257882,-46.16473911742119,1728.7500679605696,41794.00218379746,941.9499440523408,149438.45349592363,FALSE,FALSE,2023-01-01,3132.515552655411,0,320121.8067819352,179547.3738301809,-140574.4329517543,0.5608720494086408
Influenza (laboratory confirmed),2023,2,6967.10266813834,4287,post_covid,0.6153203425012133,-38.46796574987867,1764.5801508294708,43364.36091386787,959.3738848212528,156563.84722093787,FALSE,FALSE,2023-02-01,2680.10266813834,0,322801.90945007355,179547.3738301809,-143254.53561989265,0.5562153400395259
Influenza (laboratory confirmed),2023,3,8229.353579326924,10725,post_covid,1.3032615376914205,30.326153769142028,1967.9202291662996,56819.00615110828,1047.556126047993,226244.8391748065,FALSE,FALSE,2023-03-01,0,2495.646420673076,322801.90945007355,182043.02025085397,-140758.8891992196,0.5639465409637232
Influenza (laboratory confirmed),2023,4,7605.053697182135,13331,post_covid,1.7529133298479502,75.291332984795,1778.7991680738987,54695.2695783622,939.2768813392642,226565.02481824777,FALSE,FALSE,2023-04-01,0,5725.946302817865,322801.90945007355,187768.96655367184,-135032.9428964017,0.581684807483189
Influenza (laboratory confirmed),2023,5,10102.486224891103,25052,post_covid,2.479785613394394,147.9785613394394,2164.421712722961,85807.75917926032,1107.4188368173463,420132.8278426856,FALSE,FALSE,2023-05-01,0,14949.513775108897,322801.90945007355,202718.48032878074,-120083.42912129281,0.6279965340791591
Influenza (laboratory confirmed),2023,6,15823.429366080272,77741,post_covid,4.913031063079706,391.3031063079706,2995.934829062792,172211.11296337855,1467.9126809629713,1103410.0862707605,FALSE,FALSE,2023-06-01,0,61917.57063391973,322801.90945007355,264636.05096270045,-58165.8584873731,0.8198094348745809
Influenza (laboratory confirmed),2023,7,20695.657211248825,53171,post_covid,2.569186349448215,156.91863494482152,3628.181040740368,265134.180484768,1731.5382070852374,2057120.5231661792,FALSE,FALSE,2023-07-01,0,32475.342788751175,322801.90945007355,297111.39375145163,-25690.515698621923,0.9204139909135346
Influenza (laboratory confirmed),2023,8,32599.459836454495,32501,post_covid,0.9969797095734576,-0.3020290426542435,5021.367287475295,558696.076181934,2295.2269002103512,6302778.375621615,FALSE,FALSE,2023-08-01,98.4598364544945,0,322900.36928652803,297111.39375145163,-25788.975535076403,0.9201333352697644
Influenza (laboratory confirmed),2023,9,22664.41125789312,24938,post_covid,1.1003153673941155,10.03153673941157,3857.54152951404,309727.781179147,1822.7180888246733,2601370.3324759128,FALSE,FALSE,2023-09-01,0,2273.58874210688,322900.36928652803,299384.9824935585,-23515.38679296954,0.9271744815748322
Influenza (laboratory confirmed),2023,10,8117.759483270998,12724,post_covid,1.56742756744906,56.74275674490601,1794.096152875146,64948.56026132053,928.1804824735306,299108.63998979656,FALSE,FALSE,2023-10-01,0,4606.240516729002,322900.36928652803,303991.2230102875,-18909.146276240528,0.9414396882914019
Influenza (laboratory confirmed),2023,11,5133.9046823626195,13099,post_covid,2.5514692637362812,155.14692637362813,1260.609099573956,33780.36561078716,677.5805697589662,128474.2309747715,FALSE,FALSE,2023-11-01,0,7965.0953176373805,322900.36928652803,311956.3183279249,-10944.050958603155,0.9661070348640826
Influenza (laboratory confirmed),2023,12,4391.5228757651,17640,post_covid,4.016829810302815,301.6829810302815,1115.9697233404502,27171.95528724054,607.4850291803062,97565.14606649544,FALSE,FALSE,2023-12-01,0,13248.4771242349,322900.36928652803,325204.79545215983,2304.4261656317976,1.0071366476623225
Influenza (laboratory confirmed),2024,1,6988.895324259106,8614,post_covid,1.232526687028779,23.252668702877894,1598.9160534159855,52379.3672605696,837.5519423698381,225940.95098486528,FALSE,FALSE,2024-01-01,0,1625.104675740894,322900.36928652803,326829.9001279007,3929.5308413726743,1.0121694838877244
Influenza (laboratory confirmed),2024,2,6986.239732855224,7972,post_covid,1.141100263494952,14.110026349495207,1598.3596739656823,52356.3232109217,837.2701807228835,225828.13841031343,FALSE,FALSE,2024-02-01,0,985.7602671447758,322900.36928652803,327815.6603950455,4915.291108517442,1.015222314918308
Influenza (laboratory confirmed),2024,3,7473.593583408313,13784,post_covid,1.84436039318502,84.43603931850203,1637.522187487035,60790.88262283074,844.5613717756861,284702.55030981655,FALSE,FALSE,2024-03-01,0,6310.406416591687,322900.36928652803,334126.06681163714,11225.697525109106,1.0347652049761142
Influenza (laboratory confirmed),2024,4,6322.488417003073,12443,post_covid,1.968054218420872,96.80542184208724,1366.0562237767947,52831.069575264984,701.0414641384647,254343.7487990427,FALSE,FALSE,2024-04-01,0,6120.511582996927,322900.36928652803,340246.57839463407,17346.209108106035,1.0537200039332062
Influenza (laboratory confirmed),2024,5,7745.660907278345,31202,post_covid,4.028319903687043,302.83199036870434,1549.003191652272,75382.86643370405,773.5230159816991,426506.8825733161,FALSE,FALSE,2024-05-01,0,23456.339092721653,322900.36928652803,363702.91748735576,40802.54820082773,1.1263626557349065
Influenza (laboratory confirmed),2024,6,11991.05208082807,71692,post_covid,5.978791478574675,497.8791478574675,2109.2904138026393,152498.28549529865,1007.806919775043,1172770.5187229875,FALSE,FALSE,2024-06-01,0,59700.94791917193,322900.36928652803,423403.86540652765,100503.49611999962,1.311252341835562
Influenza (laboratory confirmed),2024,7,16111.990049970636,96875,post_covid,6.012603017972728,501.26030179727286,2592.781426189554,249630.60463853893,1202.3803511791184,2460746.0871541332,FALSE,FALSE,2024-07-01,0,80763.00995002936,322900.36928652803,504166.875356557,181266.506070029,1.5613697700951863
Influenza (laboratory confirmed),2024,8,27273.61381501019,83372,post_covid,3.056873964905807,205.6873964905807,3750.7207399568583,614883.8053142232,1652.6061259182873,10325726.396001576,FALSE,FALSE,2024-08-01,0,56098.38618498981,322900.36928652803,560265.2615415468,237364.89225501876,1.7351025729066023
Influenza (laboratory confirmed),2024,9,20676.808224898887,18889,post_covid,0.9135355802765526,-8.64644197234474,3078.691807348782,383889.4898047848,1391.726169103816,4840147.610523597,FALSE,FALSE,2024-09-01,1787.8082248988867,0,324688.17751142697,560265.2615415468,235577.08403011982,1.7255486967086413
Influenza (laboratory confirmed),2024,10,7966.682436551464,6924,post_covid,0.8691196185042352,-13.088038149576471,1537.4347945323514,83356.78741028065,758.2816417192895,510890.98954944505,FALSE,FALSE,2024-10-01,1042.682436551464,0,325730.8599479784,560265.2615415468,234534.4015935684,1.720025120220495
Influenza (laboratory confirmed),2024,11,5273.39119302949,7118,post_covid,1.3497955564929005,34.979555649290035,1127.3731328858291,44978.47726021299,576.3748568705317,221180.87502570316,FALSE,FALSE,2024-11-01,0,1844.6088069705102,325730.8599479784,562109.8703485173,236379.01040053891,1.7256881047079493
Influenza (laboratory confirmed),2024,12,4539.930662027347,6037,post_covid,1.3297559917587205,32.975599175872055,1005.832817059832,36153.27896583964,520.8287020296681,165709.25606269806,FALSE,FALSE,2024-12-01,0,1497.0693379726526,325730.8599479784,563606.93968649,237876.0797385116,1.7302841363464982
Influenza (laboratory confirmed),2025,1,6864.445101076778,1037,post_covid,0.151068292444692,-84.8931707555308,1374.4282225413383,66645.02570456748,686.6347918439883,376076.12527680746,FALSE,FALSE,2025-01-01,5827.445101076778,0,331558.3050490552,563606.93968649,232048.6346374348,1.6998727858833227
Influenza (laboratory confirmed),2025,2,6974.601555733587,0,post_covid,0,-100,1390.7936693559163,68273.53937134618,693.8195944257167,388734.2713338141,TRUE,FALSE,2025-02-01,6974.601555733587,0,338532.9066047888,563606.93968649,225074.0330817012,1.6648512705574523
Influenza (laboratory confirmed),2025,3,7922.630443596598,0,post_covid,0,-100,1500.2416397573486,86199.62760964665,735.1057177399485,552127.747401307,TRUE,FALSE,2025-03-01,7922.630443596598,0,346455.53704838536,563606.93968649,217151.40263810463,1.6267800032527049
Influenza (laboratory confirmed),2025,4,7068.391412304745,0,post_covid,0,-100,1326.9474971764903,78301.44784083359,648.2564025439684,511935.4820787019,TRUE,FALSE,2025-04-01,7068.391412304745,0,353523.92846069013,563606.93968649,210083.01122579986,1.5942540074742348
Influenza (laboratory confirmed),2025,5,9088.998802929766,0,post_covid,0,-100,1564.8962053340624,121106.74828701893,742.2995587128095,985831.7167146908,TRUE,FALSE,2025-05-01,9088.998802929766,0,362612.9272636199,563606.93968649,200994.0124228701,1.5542935657027672
Influenza (laboratory confirmed),2025,6,14168.991609330284,0,post_covid,0,-100,2131.422664300149,256737.93375590505,966.7349770385194,3128069.8246629285,TRUE,FALSE,2025-06-01,14168.991609330284,0,376781.9188729502,563606.93968649,186825.0208135398,1.4958439125008456
Influenza (laboratory confirmed),2025,7,18734.6351405416,0,post_covid,0,-100,2580.6892934091284,420627.0237638426,1137.6796064962234,7018674.718064675,TRUE,FALSE,2025-07-01,18734.6351405416,0,395516.5540134918,563606.93968649,168090.3856729982,1.424989507941719
Influenza (laboratory confirmed),2025,8,30375.782352454284,0,post_covid,0,-100,3591.431120190809,1019176.8573088952,1509.1074813389691,33604853.81074355,TRUE,FALSE,2025-08-01,30375.782352454284,0,425892.33636594604,563606.93968649,137714.60332054395,1.3233554388314077
Influenza (laboratory confirmed),2025,9,21859.030387041126,0,post_covid,0,-100,2859.925881150889,559459.7311197621,1240.316170728751,11490947.748170191,TRUE,FALSE,2025-09-01,21859.030387041126,0,447751.3667529872,563606.93968649,115855.57293350279,1.2587497918178714
Influenza (laboratory confirmed),2025,10,8058.101890290852,0,post_covid,0,-100,1404.2290483940806,104584.90110043505,668.8052149007626,824377.5298126392,TRUE,FALSE,2025-10-01,8058.101890290852,0,455809.468643278,563606.93968649,107797.47104321199,1.2364967787178103
Influenza (laboratory confirmed),2025,11,5188.091241776983,0,post_covid,0,-100,1014.3500387404072,52856.08413233723,502.55897173259814,314475.0029528897,TRUE,FALSE,2025-11-01,5188.091241776983,0,460997.559885055,563606.93968649,102609.37980143499,1.2225811777116988
Influenza (laboratory confirmed),2025,12,4449.041310622266,0,post_covid,0,-100,904.03080846212,41937.93480638577,453.9722891645358,229211.76833555097,TRUE,FALSE,2025-12-01,4449.041310622266,0,465446.6011956773,563606.93968649,98160.33849081269,1.210894951727331
Meningococcal disease (invasive),2020,3,16.079093549198472,6,covid_acute,0.37315536361806256,-62.68446363819374,10.879262139332962,25.611505083221623,9.05133707820147,34.157006264060406,TRUE,FALSE,2020-03-01,10.079093549198472,0,10.079093549198472,0,-10.079093549198472,0
Meningococcal disease (invasive),2020,4,17.01842321665132,7,covid_acute,0.41131895187275613,-58.86810481272439,10.913038020605756,29.31797941504643,8.881009262697646,41.4410361949388,TRUE,FALSE,2020-04-01,10.018423216651321,0,20.097516765849793,0,-20.097516765849793,0
Meningococcal disease (invasive),2020,5,19.314153166522665,4,covid_acute,0.20710201299082703,-79.2897987009173,11.42729208024994,37.7408334894305,9.00769240078706,58.998900665500415,TRUE,FALSE,2020-05-01,15.314153166522665,0,35.41166993237246,0,-35.41166993237246,0
Meningococcal disease (invasive),2020,6,18.859552195849822,7,covid_acute,0.3711646982551579,-62.883530174484214,11.085576869894664,37.24973128065051,8.716278655567113,58.75837829685522,TRUE,FALSE,2020-06-01,11.859552195849822,0,47.27122212822228,0,-47.27122212822228,0
Meningococcal disease (invasive),2020,7,19.20613129112728,8,covid_acute,0.4165336516102952,-58.34663483897048,11.2489494674562,38.15874475805605,8.832544704466404,60.49347460570776,TRUE,FALSE,2020-07-01,11.206131291127281,0,58.47735341934956,0,-58.47735341934956,0
Meningococcal disease (invasive),2020,8,21.32791801317275,7,covid_acute,0.3282083134264017,-67.17916865735984,12.23179325507189,43.8888008941966,9.52733505524742,71.70903841136844,TRUE,FALSE,2020-08-01,14.327918013172749,0,72.80527143252232,0,-72.80527143252232,0
Meningococcal disease (invasive),2020,9,19.540337365503873,4,covid_acute,0.20470475638058944,-79.52952436194106,11.405714703909242,39.04247132904537,8.943897050533375,62.19198674459631,TRUE,FALSE,2020-09-01,15.540337365503873,0,88.34560879802618,0,-88.34560879802618,0
Meningococcal disease (invasive),2020,10,15.989354454710728,10,covid_acute,0.6254161184758672,-37.45838815241328,9.69916716473688,30.01268942291045,7.720198445782216,45.387387165470926,FALSE,FALSE,2020-10-01,5.989354454710728,0,94.33496325273691,0,-94.33496325273691,0
Meningococcal disease (invasive),2020,11,15.496369919364072,4,covid_acute,0.2581249686742215,-74.18750313257785,9.454617987509415,28.822011433936922,7.542671811900916,43.26455783484209,TRUE,FALSE,2020-11-01,11.496369919364072,0,105.83133317210098,0,-105.83133317210098,0
Meningococcal disease (invasive),2020,12,13.209094124114852,7,covid_acute,0.5299379302037545,-47.00620697962455,8.292508677910195,23.49980546139687,6.691000131862873,34.05247967176973,FALSE,FALSE,2020-12-01,6.209094124114852,0,112.04042729621584,0,-112.04042729621584,0
Meningococcal disease (invasive),2021,1,14.42379608473846,5,covid_acute,0.34664938207843937,-65.33506179215607,8.91548485281725,26.284746353506293,7.14925001979381,38.81575419924727,TRUE,FALSE,2021-01-01,9.42379608473846,0,121.4642233809543,0,-121.4642233809543,0
Meningococcal disease (invasive),2021,2,14.975660386707595,4,covid_acute,0.2671000741677076,-73.28999258322924,9.19411689764889,27.581100229447628,7.352932634831057,41.07594092299912,TRUE,FALSE,2021-02-01,10.975660386707595,0,132.43988376766188,0,-132.43988376766188,0
Meningococcal disease (invasive),2021,3,16.493529466201846,9,covid_acute,0.5456685313136033,-45.433146868639675,9.704425760243192,32.52367369769279,7.633228090684802,51.233127949933,FALSE,FALSE,2021-03-01,7.493529466201846,0,139.93341323386375,0,-139.93341323386375,0
Meningococcal disease (invasive),2021,4,16.911224395007626,8,covid_acute,0.473058591923225,-52.694140807677506,9.839190984653976,33.97151179913504,7.705913666212513,54.36307830389051,FALSE,FALSE,2021-04-01,8.911224395007626,0,148.84463762887137,0,-148.84463762887137,0
Meningococcal disease (invasive),2021,5,17.859706594960336,8,covid_acute,0.4479356901785523,-55.206430982144774,10.184424268541012,37.10928003303941,7.915466126469119,61.14723643622571,FALSE,FALSE,2021-05-01,9.859706594960336,0,158.7043442238317,0,-158.7043442238317,0
Meningococcal disease (invasive),2021,6,17.679375875319334,8,covid_acute,0.45250466172666853,-54.74953382733314,10.083807953927696,36.72085721170599,7.837918906404807,60.4873704185458,FALSE,FALSE,2021-06-01,9.679375875319334,0,168.38372009915102,0,-168.38372009915102,0
Meningococcal disease (invasive),2021,7,17.817170466112525,3,covid_acute,0.16837690393689997,-83.16230960631,10.146150066267776,37.10798209561413,7.881595043625519,61.271397592626016,TRUE,FALSE,2021-07-01,14.817170466112525,0,183.20089056526356,0,-183.20089056526356,0
Meningococcal disease (invasive),2021,8,18.619199045189273,7,covid_acute,0.37595602168550973,-62.40439783144903,10.506259573663431,39.39077268220049,8.133159386447955,65.94821072635254,TRUE,FALSE,2021-08-01,11.619199045189273,0,194.82008961045284,0,-194.82008961045284,0
Meningococcal disease (invasive),2021,9,17.948150227358035,3,covid_acute,0.167148144070421,-83.2851855929579,10.205278952833416,37.47734004423098,7.922985590125023,62.02190540815667,TRUE,FALSE,2021-09-01,14.948150227358035,0,209.76823983781085,0,-209.76823983781085,0
Meningococcal disease (invasive),2021,10,16.45262735372844,4,covid_acute,0.24312226333221684,-75.68777366677831,9.52243779016958,33.339871515942335,7.442920902754698,53.75308834887452,TRUE,FALSE,2021-10-01,12.452627353728442,0,222.2208671915393,0,-222.2208671915393,0
Meningococcal disease (invasive),2021,11,16.22466736872892,7,covid_acute,0.43144181886228694,-56.855818113771306,9.41682425722981,32.72455980570027,7.3682574470725966,52.54950013568828,TRUE,FALSE,2021-11-01,9.22466736872892,0,231.44553456026821,0,-231.44553456026821,0
Meningococcal disease (invasive),2021,12,15.08699003963655,8,covid_acute,0.5302581879475227,-46.97418120524773,8.88334801389674,29.714374491792512,6.989365026052656,46.76037475146498,FALSE,FALSE,2021-12-01,7.08699003963655,0,238.53252459990478,0,-238.53252459990478,0
Meningococcal disease (invasive),2022,1,15.7085021511102,4,transition,0.2546391732019656,-74.53608267980344,9.176125137333273,31.346316305334888,7.197670488740121,49.87840332464996,TRUE,FALSE,2022-01-01,11.7085021511102,0,250.24102675101497,0,-250.24102675101497,0
Meningococcal disease (invasive),2022,2,15.9776611583487,8,transition,0.5006990648202484,-49.93009351797516,9.3019125187808,32.06241876027291,7.286891933182342,51.261944590536515,FALSE,FALSE,2022-02-01,7.977661158348701,0,258.21868790936367,0,-258.21868790936367,0
Meningococcal disease (invasive),2022,3,16.680129290659703,2,transition,0.11990314734070624,-88.00968526592938,9.58502524198,34.211039404918736,7.47134488252889,55.73593699758905,TRUE,FALSE,2022-03-01,14.680129290659703,0,272.89881720002336,0,-272.89881720002336,0
Meningococcal disease (invasive),2022,4,16.8644910105711,6,transition,0.3557771175091525,-64.42228824908476,9.658093896589632,34.78827131849727,7.518578701434458,56.96028543234365,TRUE,FALSE,2022-04-01,10.8644910105711,0,283.76330821059446,0,-283.76330821059446,0
Meningococcal disease (invasive),2022,5,17.270076968142806,15,transition,0.8685543224659452,-13.14456775340548,9.825689191547884,36.02416053236049,7.630038988472895,59.56271570619542,FALSE,FALSE,2022-05-01,2.2700769681428064,0,286.03338517873726,0,-286.03338517873726,0
Meningococcal disease (invasive),2022,6,17.19430917471507,9,transition,0.5234289966842556,-47.65710033157443,9.788053765551734,35.83194875209419,7.602422937185304,59.195258371445526,FALSE,FALSE,2022-06-01,8.19430917471507,0,294.22769435345236,0,-294.22769435345236,0
Meningococcal disease (invasive),2022,7,17.252260295908332,18,transition,1.0433415501080172,4.334155010801727,9.814217236151135,35.995344193698124,7.620738115675747,59.52722159167971,FALSE,FALSE,2022-07-01,0,0.7477397040916678,294.22769435345236,0.7477397040916678,-293.4799546493607,0.002541364115076865
Meningococcal disease (invasive),2022,8,17.582608494627127,9,transition,0.5118694420540735,-48.81305579459265,9.962874343783117,36.93199172141216,7.724673807306797,61.439572030871616,FALSE,FALSE,2022-08-01,8.582608494627127,0,302.81030284807946,0.7477397040916678,-302.0625631439878,0.00246933376129811
Meningococcal disease (invasive),2022,9,17.307014004449744,17,transition,0.9822607178586202,-1.7739282141379729,9.838913617591643,36.14997535775142,7.63802005717637,59.841828277626746,FALSE,FALSE,2022-09-01,0.30701400444974425,0,303.11731685252926,0.7477397040916678,-302.3695771484376,0.002466832683318629
Meningococcal disease (invasive),2022,10,16.661878420734737,5,transition,0.30008621319537365,-69.99137868046263,9.54646106156227,34.3435145037039,7.432977663542781,56.19381033705801,TRUE,FALSE,2022-10-01,11.661878420734737,0,314.77919527326395,0.7477397040916678,-314.0314555691723,0.0023754419457186335
Meningococcal disease (invasive),2022,11,16.559500760972846,13,transition,0.7850478216491998,-21.495217835080012,9.499752519605616,34.059952748954665,7.400149910483404,55.6266251598076,FALSE,FALSE,2022-11-01,3.5595007609728455,0,318.3386960342368,0.7477397040916678,-317.59095633014516,0.0023488809667400585
Meningococcal disease (invasive),2022,12,16.03102653077434,17,transition,1.060443632063458,6.044363206345809,9.257308839644194,32.60973333134688,7.229396805327403,52.7491270493885,FALSE,FALSE,2022-12-01,0,0.9689734692256593,318.3386960342368,1.716713173317327,-316.6219828609195,0.005392725404431189
Meningococcal disease (invasive),2023,1,16.323444197662038,9,post_covid,0.5513542295987415,-44.86457704012585,9.391736828999656,33.40937471575865,7.324149027526883,54.33094040804699,FALSE,FALSE,2023-01-01,7.323444197662038,0,325.66214023189883,1.716713173317327,-323.9454270585815,0.005271454557459098
Meningococcal disease (invasive),2023,2,16.44728442051373,6,post_covid,0.3648018631280282,-63.51981368719718,9.448459637543914,33.75011765164397,7.364074609119411,55.0085845608288,TRUE,FALSE,2023-02-01,10.447284420513729,0,336.1094246524126,1.716713173317327,-334.3927114790953,0.0051076020111386795
Meningococcal disease (invasive),2023,3,16.762941317927744,8,post_covid,0.47724321455710794,-52.27567854428921,9.584441952717214,34.67354595871247,7.456666606788316,56.908301046404,FALSE,FALSE,2023-03-01,8.762941317927744,0,344.8723659703403,1.716713173317327,-343.155652797023,0.004977821776143606
Meningococcal disease (invasive),2023,4,16.84404404992575,9,post_covid,0.5343134922542353,-46.56865077457647,9.619152992751502,34.912990082631765,7.480232172725714,57.404447991514246,FALSE,FALSE,2023-04-01,7.844044049925749,0,352.7164100202661,1.716713173317327,-350.9996968469488,0.004867120226185931
Meningococcal disease (invasive),2023,5,17.020021838808365,20,post_covid,1.175086623825406,17.508662382540603,9.695773253995185,35.425553111244355,7.532789103633669,58.46123464328467,FALSE,FALSE,2023-05-01,0,2.979978161191635,352.7164100202661,4.696691334508962,-348.01971868575714,0.013315772107793633
Meningococcal disease (invasive),2023,6,16.987398418297907,15,post_covid,0.8830074877058756,-11.69925122941244,9.680373054626829,35.33785668685595,7.521761896910877,58.287834814939735,FALSE,FALSE,2023-06-01,1.9873984182979072,0,354.70380843856395,4.696691334508962,-350.007117104055,0.013241164100222642
Meningococcal disease (invasive),2023,7,17.01236074434126,19,post_covid,1.116835005178213,11.683500517821296,9.691662657590944,35.40802943004307,7.529670182016275,58.43002846978842,FALSE,FALSE,2023-07-01,0,1.9876392556587383,354.70380843856395,6.684330590167701,-348.01947784839626,0.018844823289585436
Meningococcal disease (invasive),2023,8,17.153396491391906,10,post_covid,0.5829749230724249,-41.70250769275751,9.755357950759176,35.80546007442635,7.574264338937724,59.23706941000604,FALSE,FALSE,2023-08-01,7.153396491391906,0,361.85720492995586,6.684330590167701,-355.17287433978817,0.01847228823718344
Meningococcal disease (invasive),2023,9,17.035884604095177,9,post_covid,0.5282966050284545,-47.170339497154536,9.702297281005134,35.47420512901483,7.53711848865461,58.56420594797457,FALSE,FALSE,2023-09-01,8.035884604095177,0,369.89308953405106,6.684330590167701,-363.20875894388337,0.01807097991094631
Meningococcal disease (invasive),2023,10,16.7548740554272,10,post_covid,0.5968412515020262,-40.31587484979738,9.57497750522333,34.68664720270716,7.447871154117439,56.97260118475191,FALSE,FALSE,2023-10-01,6.7548740554272015,0,376.64796358947825,6.684330590167701,-369.96363299931056,0.017746891623853796
Meningococcal disease (invasive),2023,11,16.709491146190796,13,post_covid,0.7780009508526275,-22.19990491473725,9.554357627571996,34.56006353584035,7.433401832666861,56.71785305729847,FALSE,FALSE,2023-11-01,3.7094911461907962,0,380.3574547356691,6.684330590167701,-373.6731241455014,0.01757381249386318
Meningococcal disease (invasive),2023,12,16.47164338181037,13,post_covid,0.7892351539346641,-21.076484606533583,9.446024661320475,33.89940500277242,7.357311690980178,55.39310540446533,FALSE,FALSE,2023-12-01,3.4716433818103702,0,383.8290981174794,6.684330590167701,-377.14476752731173,0.017414861517669026
Meningococcal disease (invasive),2024,1,16.60399996533723,8,post_covid,0.48181161266567846,-51.81883873343216,9.506364661544822,34.26647468622552,7.399707627171467,56.12815142002386,FALSE,FALSE,2024-01-01,8.60399996533723,0,392.4330980828167,6.684330590167701,-385.748767492649,0.017033044926187853
Meningococcal disease (invasive),2024,2,16.65949171723134,3,post_covid,0.18007752282724346,-81.99224771727566,9.531621453343154,34.42079838042072,7.417442468173788,56.43792637359948,TRUE,FALSE,2024-02-01,13.65949171723134,0,406.092589800048,6.684330590167701,-399.4082592098803,0.01646011465872582
Meningococcal disease (invasive),2024,3,16.799458516944505,10,post_covid,0.5952572810554376,-40.47427189445624,9.593671897785828,34.82069733217407,7.460411297343338,57.25287254079237,FALSE,FALSE,2024-03-01,6.7994585169445045,0,412.8920483169925,6.684330590167701,-406.2077177268248,0.01618905139349134
Meningococcal disease (invasive),2024,4,16.83508390545671,11,post_covid,0.6533973968751412,-34.66026031248588,9.609423206663523,34.9228684945533,7.471305829615643,57.46170181538635,FALSE,FALSE,2024-04-01,5.83508390545671,0,418.7271322224492,6.684330590167701,-412.0428016322815,0.01596345227186435
Meningococcal disease (invasive),2024,5,16.9119195465254,5,post_covid,0.2956494670072661,-70.43505329927339,9.643646281309444,35.14184590045939,7.495076256189672,57.90811897360924,TRUE,FALSE,2024-05-01,11.9119195465254,0,430.63905176897464,6.684330590167701,-423.95472117880695,0.015521886746475677
Meningococcal disease (invasive),2024,6,16.89772317473266,15,post_covid,0.8876935575811571,-11.230644241884292,9.637094319674253,35.10278693129982,7.490438697237818,57.82993812544335,FALSE,FALSE,2024-06-01,1.8977231747326613,0,432.53677494370726,6.684330590167701,-425.85244435353957,0.015453785614038568
Meningococcal disease (invasive),2024,7,16.90858769349851,12,post_covid,0.7096985400273317,-29.03014599726684,9.642014192112248,35.13326298257913,7.49388668567992,57.89157625420754,FALSE,FALSE,2024-07-01,4.908587693498511,0,437.4453626372058,6.684330590167701,-430.7610320470381,0.015280378216539315
Meningococcal disease (invasive),2024,8,16.96973506595371,22,post_covid,1.2964256610074298,29.642566100742982,9.66968696430964,35.30496789864868,7.513276019617347,58.239171983084304,FALSE,FALSE,2024-08-01,0,5.03026493404629,437.4453626372058,11.71459552421399,-425.73076711299177,0.026779562717480356
Meningococcal disease (invasive),2024,9,16.91881457184545,17,post_covid,1.004798529341982,0.47985293419819064,9.646644477340647,35.16195922975444,7.497131500204535,57.949630403738,FALSE,FALSE,2024-09-01,0,0.08118542815455143,437.4453626372058,11.795780952368542,-425.64958168483724,0.02696515258787037
Meningococcal disease (invasive),2024,10,16.795907417699897,9,post_covid,0.5358448207755421,-46.41551792244579,9.59094349100825,34.81765379896745,7.458082970197062,57.25408558037295,FALSE,FALSE,2024-10-01,7.7959074176998975,0,445.24127005490567,11.795780952368542,-433.4454891025371,0.026493008949763183
Meningococcal disease (invasive),2024,11,16.775905236409912,12,post_covid,0.7153116228837277,-28.468837711627227,9.581867420204745,34.76173790372533,7.4517173247922495,57.14133475001368,FALSE,FALSE,2024-11-01,4.775905236409912,0,450.0171752913156,11.795780952368542,-438.22139433894705,0.0262118461250565
Meningococcal disease (invasive),2024,12,16.67036797945648,12,post_covid,0.7198401387892608,-28.01598612107393,9.533927445375443,34.46725234215716,7.418080011593688,56.54847925744703,FALSE,FALSE,2024-12-01,4.670367979456479,0,454.6875432707721,11.795780952368542,-442.89176231840355,0.025942608560410918
Salmonellosis,2020,3,1711.3994759297436,1221,covid_acute,0.7134511942845333,-28.65488057154667,1019.4092190444564,4659.594167235885,834.570482467118,24381.674869060545,FALSE,FALSE,2020-03-01,490.39947592974363,0,490.39947592974363,0,-490.39947592974363,0
Salmonellosis,2020,4,1538.2176529721037,752,covid_acute,0.4888774995833688,-51.11225004166312,951.8171169099836,3648.09785204985,787.6943473322524,10758.730198887706,TRUE,FALSE,2020-04-01,786.2176529721037,0,1276.6171289018473,0,-1276.6171289018473,0
Salmonellosis,2020,5,1375.730150647954,980,covid_acute,0.7123490021196602,-28.765099788033975,880.4242941403196,2934.841677585368,735.9003551321614,6595.593784462342,FALSE,FALSE,2020-05-01,395.7301506479539,0,1672.3472795498012,0,-1672.3472795498012,0
Salmonellosis,2020,6,964.2591772920058,648,covid_acute,0.6720184938450077,-32.798150615499225,660.0595103865726,1721.7230769700814,563.4831895318043,2839.7086521879887,FALSE,FALSE,2020-06-01,316.2591772920058,0,1988.606456841807,0,-1988.606456841807,0
Salmonellosis,2020,7,879.8028303380528,571,covid_acute,0.6490090510172611,-35.09909489827389,617.869101334308,1481.7632576430683,531.9625662796321,2262.9902027110725,FALSE,FALSE,2020-07-01,308.8028303380528,0,2297.40928717986,0,-2297.40928717986,0
Salmonellosis,2020,8,985.9739136167112,428,covid_acute,0.4340885636923466,-56.59114363076534,668.1816319926265,1803.5484997311453,568.5616711097367,3079.7418001362817,TRUE,FALSE,2020-08-01,557.9739136167112,0,2855.383200796571,0,-2855.383200796571,0
Salmonellosis,2020,9,760.58985477954,498,covid_acute,0.6547549863708704,-34.524501362912964,548.624941356633,1210.5070048484772,476.6868385935439,1730.0764610243707,FALSE,FALSE,2020-09-01,262.58985477954,0,3117.973055576111,0,-3117.973055576111,0
Salmonellosis,2020,10,1006.3023253756826,713,covid_acute,0.7085345845085034,-29.146541549149667,671.2113579515423,1915.4745165848524,568.2483368442449,3478.183487396832,FALSE,FALSE,2020-10-01,293.3023253756826,0,3411.2753809517935,0,-3411.2753809517935,0
Salmonellosis,2020,11,1375.044289099192,649,covid_acute,0.4719847972498164,-52.80152027501836,823.6037570676871,3664.2709842023423,675.3079640048431,17063.162039382732,TRUE,FALSE,2020-11-01,726.0442890991919,0,4137.319670050985,0,-4137.319670050985,0
Salmonellosis,2020,12,1165.8841886771768,917,covid_acute,0.7865275204052958,-21.347247959470412,738.0175456804825,2570.4855996427045,614.8534313571251,6226.821582646619,FALSE,FALSE,2020-12-01,248.88418867717678,0,4386.203858728162,0,-4386.203858728162,0
Salmonellosis,2021,1,1665.8631782850573,1721,covid_acute,1.033098049367838,3.309804936783822,922.6180944238716,6393.620215176664,740.835753012185,NA,FALSE,NA,2021-01-01,0,55.1368217149427,4386.203858728162,55.1368217149427,-4331.067037013219,0.012570510512233773
Salmonellosis,2021,2,1889.179020639192,1111,covid_acute,0.5880861410498303,-41.19138589501697,990.1235871419188,10620.334132496157,784.2539790697325,NA,FALSE,NA,2021-02-01,778.179020639192,0,5164.382879367355,55.1368217149427,-5109.246057652412,0.010676362113898311
Salmonellosis,2021,3,1769.5793292253763,1194,covid_acute,0.6747366338883869,-32.52633661116131,926.6263309370154,10022.499484146372,733.8045709448603,NA,FALSE,NA,2021-03-01,575.5793292253763,0,5739.96220859273,55.1368217149427,-5684.825386877787,0.009605781312009827
Salmonellosis,2021,4,1376.8737681538962,1162,covid_acute,0.8439408367536861,-15.605916324631387,799.8755811849286,4160.055181620094,650.3766292447098,55282.06856915789,FALSE,FALSE,2021-04-01,214.8737681538962,0,5954.835976746627,55.1368217149427,-5899.699155031684,0.009259167159305406
Salmonellosis,2021,5,1378.8627631052498,708,covid_acute,0.5134666182481844,-48.65333817518156,799.1168477874388,4210.512361858128,649.3413886486413,66242.71703133426,FALSE,FALSE,2021-05-01,670.8627631052498,0,6625.698739851877,55.1368217149427,-6570.561918136934,0.008321661439767683
Salmonellosis,2021,6,852.1532848297446,558,covid_acute,0.6548117691190796,-34.51882308809204,578.1857603913957,1554.212139784565,492.1737693983787,2642.5874978306647,FALSE,FALSE,2021-06-01,294.1532848297446,0,6919.8520246816215,55.1368217149427,-6864.715202966679,0.00796791918646259
Salmonellosis,2021,7,836.6756645300836,577,covid_acute,0.6896340176501612,-31.036598234983888,570.7392225826015,1506.3330056015848,486.6806861868235,2513.6581532746136,FALSE,FALSE,2021-07-01,259.6756645300836,0,7179.527689211705,55.1368217149427,-7124.390867496762,0.007679728263712092
Salmonellosis,2021,8,961.553923053815,394,covid_acute,0.4097534111749957,-59.02465888250043,628.0786960292379,1935.066315241183,528.2639050255882,3868.9884906911566,TRUE,FALSE,2021-08-01,567.553923053815,0,7747.08161226552,55.1368217149427,-7691.944790550577,0.007117108670657046
Salmonellosis,2021,9,810.3924479512857,477,covid_acute,0.5886037082476284,-41.139629175237154,556.6020987326915,1435.5628066841973,475.6859308552272,2341.8352050416947,FALSE,FALSE,2021-09-01,333.3924479512857,0,8080.474060216806,55.1368217149427,-8025.337238501863,0.006823463735426351
Salmonellosis,2021,10,1076.1623286217336,844,covid_acute,0.7842683000072401,-21.573169999275983,676.1714037971784,2428.351292549671,562.0873990086492,6230.695791605037,FALSE,FALSE,2021-10-01,232.16232862173365,0,8312.636388838539,55.1368217149427,-8257.499567123596,0.006632892278191726
Salmonellosis,2021,11,1435.1649337997628,1005,covid_acute,0.7002679457469378,-29.973205425306208,809.678164676285,4983.892715192152,653.256212329904,NA,FALSE,NA,2021-11-01,430.1649337997628,0,8742.801322638303,55.1368217149427,-8687.66450092336,0.006306539480906806
Salmonellosis,2021,12,1202.2790426816764,1038,covid_acute,0.8633603041809221,-13.663969581907786,725.5847672715339,3113.9087043534582,596.1996083321247,12668.774872463291,FALSE,FALSE,2021-12-01,164.2790426816764,0,8907.080365319978,55.1368217149427,-8851.943543605035,0.0061902238953203785
Salmonellosis,2022,1,1874.6922391203043,924,transition,0.4928809010451684,-50.71190989548317,941.7414860416052,16419.396249346803,738.5548409327967,NA,FALSE,NA,2022-01-01,950.6922391203043,0,9857.772604440283,55.1368217149427,-9802.63578272534,0.005593233271591918
Salmonellosis,2022,2,2220.104535745189,1110,transition,0.4999764570218416,-50.00235429781584,1027.7571107460694,68322301.89481659,791.7216505529716,NA,FALSE,NA,2022-02-01,1110.104535745189,0,10967.877140185472,55.1368217149427,-10912.740318470529,0.005027118831676693
Salmonellosis,2022,3,1742.2990665261211,1175,transition,0.6743962747697334,-32.56037252302666,834.2080300921311,39831.15451816207,647.2564720974201,NA,FALSE,NA,2022-03-01,567.2990665261211,0,11535.176206711592,55.1368217149427,-11480.03938499665,0.004779885519465412
Salmonellosis,2022,4,1483.650669058081,1187,transition,0.8000535602855797,-19.994643971442027,765.6275933347011,9599.108848015048,604.2041524148015,NA,FALSE,NA,2022-04-01,296.6506690580809,0,11831.826875769673,55.1368217149427,-11776.69005405473,0.004660042975092635
Salmonellosis,2022,5,1380.8985334562406,767,transition,0.5554354512060212,-44.456454879397874,733.8536300570308,6947.271872598434,583.2239997525661,NA,FALSE,NA,2022-05-01,613.8985334562406,0,12445.725409225914,55.1368217149427,-12390.58858751097,0.004430181439972172
Salmonellosis,2022,6,923.2591293158208,630,transition,0.6823653078490112,-31.763469215098883,565.8224433057171,2262.7921652129908,466.96008637551745,7423.991408286087,FALSE,FALSE,2022-06-01,293.2591293158208,0,12738.984538541736,55.1368217149427,-12683.847716826793,0.004328195983606582
Salmonellosis,2022,7,865.4814314096919,623,transition,0.7198305791324265,-28.01694208675735,542.5312767901873,1967.4486184499983,450.68555235881433,5146.187663570932,FALSE,FALSE,2022-07-01,242.48143140969194,0,12981.465969951427,55.1368217149427,-12926.329148236484,0.004247349401259417
Salmonellosis,2022,8,978.5421248240042,545,transition,0.5569509847090344,-44.304901529096554,586.1746507225532,2606.601757320509,480.64385325859826,12112.962081367608,FALSE,FALSE,2022-08-01,433.5421248240042,0,13415.00809477543,55.1368217149427,-13359.871273060488,0.004110084863565317
Salmonellosis,2022,9,778.6649091370185,694,transition,0.8912691349725118,-10.87308650274882,503.003752352645,1616.5718589966218,421.6280141357312,3432.4247080186424,FALSE,FALSE,2022-09-01,84.66490913701853,0,13499.67300391245,55.1368217149427,-13444.536182197508,0.004084307945752689
Salmonellosis,2022,10,1031.5754948994247,690,transition,0.668879789614693,-33.112021038530706,603.2800943645642,3028.068054443294,491.40926193473064,28206.664617578415,FALSE,FALSE,2022-10-01,341.5754948994247,0,13841.248498811874,55.1368217149427,-13786.111677096931,0.0039835150506600334
Salmonellosis,2022,11,1397.8209110714404,791,transition,0.5658807889729539,-43.4119211027046,719.5340488815154,9269.432019114,567.4945128061358,NA,FALSE,NA,2022-11-01,606.8209110714404,0,14448.069409883316,55.1368217149427,-14392.932588168373,0.003816206868249534
Salmonellosis,2022,12,1180.0212623457994,989,transition,0.8381204911799109,-16.187950882008902,652.6144420647615,4565.9197237459675,523.841085509279,NA,FALSE,NA,2022-12-01,191.0212623457994,0,14639.090672229115,55.1368217149427,-14583.953850514172,0.00376641028800643
Salmonellosis,2023,1,1737.4078359883804,1154,post_covid,0.6642078941375961,-33.57921058624039,805.4567099408619,1256087.656636777,620.6615000215719,NA,FALSE,NA,2023-01-01,583.4078359883804,0,15222.498508217495,55.1368217149427,-15167.361686502552,0.0036220612329295634
Salmonellosis,2023,2,1998.3888225140915,1165,post_covid,0.5829696337744529,-41.70303662255472,861.3849782100618,NA,654.0871727180504,NA,FALSE,NA,2023-02-01,833.3888225140915,0,16055.887330731586,55.1368217149427,-16000.750509016643,0.0034340563420253143
Salmonellosis,2023,3,1761.6497941992095,1343,post_covid,0.7623535644951984,-23.76464355048016,785.2322192393804,NA,600.2183834824796,NA,FALSE,NA,2023-03-01,418.6497941992095,0,16474.537124930797,55.1368217149427,-16419.400303215854,0.0033467903405616506
Salmonellosis,2023,4,1414.2544098360363,925,post_covid,0.6540548811915964,-34.594511880840365,702.3262341995348,14574.0625374867,549.357091761421,NA,FALSE,NA,2023-04-01,489.2544098360363,0,16963.79153476683,55.1368217149427,-16908.65471305189,0.003250265225314829
Salmonellosis,2023,5,1380.396447093434,797,post_covid,0.5773703646355836,-42.26296353644165,692.2697751847337,12362.266774884842,542.699491314746,NA,FALSE,NA,2023-05-01,583.3964470934341,0,17547.187981860265,55.1368217149427,-17492.05116014532,0.003142202714870407
Salmonellosis,2023,6,876.6286079508477,804,post_covid,0.9171500823813864,-8.284991761861367,526.9992220164893,2303.7318739607927,432.55275153890847,10016.655421662888,FALSE,FALSE,2023-06-01,72.62860795084771,0,17619.816589811115,55.1368217149427,-17564.67976809617,0.003129250604505513
Salmonellosis,2023,7,846.9856062347767,730,post_covid,0.861880053954129,-13.8119946045871,515.5917632034908,2125.8166958424517,424.6879437217332,7603.446539699374,FALSE,FALSE,2023-07-01,116.9856062347767,0,17736.80219604589,55.1368217149427,-17681.665374330947,0.0031086111862506133
Salmonellosis,2023,8,967.8240089474305,649,post_covid,0.6705764622494005,-32.94235377505995,559.9287208515055,2978.4056283560494,454.77162760741663,54085.106713782036,FALSE,FALSE,2023-08-01,318.82400894743046,0,18055.62620499332,55.1368217149427,-18000.48938327838,0.0030537197153369566
Salmonellosis,2023,9,798.9613628942984,858,post_covid,1.0738942329974877,7.389423299748767,495.2860573336635,1883.3089884149235,410.10105638687185,5452.803546492341,FALSE,FALSE,2023-09-01,0,59.03863710570158,18055.62620499332,114.17545882064428,-17941.450746172675,0.006323539129818096
Salmonellosis,2023,10,1060.0690278748673,814,post_covid,0.7678745238240148,-23.21254761759852,590.3080343855245,3946.1498998559346,474.66096954536016,NA,FALSE,NA,2023-10-01,246.0690278748673,0,18301.695232868187,114.17545882064428,-18187.51977404754,0.006238518201067817
Salmonellosis,2023,11,1421.986873434039,843,post_covid,0.5928324766910051,-40.71675233089949,694.9915739032218,19354.248458330305,541.6805096920368,NA,FALSE,NA,2023-11-01,578.9868734340389,0,18880.68210630223,114.17545882064428,-18766.506647481583,0.0060472104862426225
Salmonellosis,2023,12,1194.4787653917158,1116,post_covid,0.9342987354270968,-6.570126457290312,631.6828242921821,6240.5346148595445,501.4273551473862,NA,FALSE,NA,2023-12-01,78.4787653917158,0,18959.160871693945,114.17545882064428,-18844.9854128733,0.006022178913577784
Salmonellosis,2024,1,1823.816598934953,1162,post_covid,0.6371254657286092,-36.28745342713908,785.9485932563217,NA,596.7772633551966,NA,FALSE,NA,2024-01-01,661.8165989349529,0,19620.977470628895,114.17545882064428,-19506.80201180825,0.005819050503042278
Salmonellosis,2024,2,2136.3245386452586,1325,post_covid,0.6202241167160132,-37.977588328398674,843.759703100697,NA,630.4262954472651,NA,FALSE,NA,2024-02-01,811.3245386452586,0,20432.302009274154,114.17545882064428,-20318.126550453508,0.005587988018619754
Salmonellosis,2024,3,1749.4711051865245,1638,post_covid,0.9362829686891916,-6.371703131080834,737.1491677963083,NA,557.3201268466968,NA,FALSE,NA,2024-03-01,111.47110518652448,0,20543.77311446068,114.17545882064428,-20429.597655640035,0.005557667434531616
Salmonellosis,2024,4,1458.3312245849029,1115,post_covid,0.76457253414249,-23.542746585750994,675.4811319843252,2869414.0302661075,520.4098368089404,NA,FALSE,NA,2024-04-01,343.3312245849029,0,20887.10433904558,114.17545882064428,-20772.928880224936,0.0054663134232163
Salmonellosis,2024,5,1380.8661891246402,1106,post_covid,0.8009465426198293,-19.90534573801706,656.0873901853458,41923.9269027077,508.2076209126157,NA,FALSE,NA,2024-05-01,274.8661891246402,0,21161.970528170223,114.17545882064428,-21047.795069349577,0.00539531319489634
Salmonellosis,2024,6,906.1403620763696,757,post_covid,0.8354114127146673,-16.45885872853326,513.9947768755791,3061.725930968321,415.28385850323355,NA,FALSE,NA,2024-06-01,149.14036207636957,0,21311.110890246593,114.17545882064428,-21196.935431425947,0.00535755547463735
Salmonellosis,2024,7,858.8349137367645,697,post_covid,0.8115645845921357,-18.84354154078643,497.5573236707125,2626.753936410028,404.2630488805474,42500.523180943215,FALSE,FALSE,2024-07-01,161.83491373676452,0,21472.945803983355,114.17545882064428,-21358.77034516271,0.00531717724539984
Salmonellosis,2024,8,974.739435359441,761,post_covid,0.7807214650337572,-21.927853496624287,536.0979170026665,3896.297669401597,429.7088503329431,NA,FALSE,NA,2024-08-01,213.73943535944102,0,21686.685239342798,114.17545882064428,-21572.509780522152,0.005264772258210923
Salmonellosis,2024,9,785.8244147452284,679,post_covid,0.864060707785642,-13.593929221435792,469.3219846766774,2117.583444953395,384.50708252264826,10457.602119848225,FALSE,FALSE,2024-09-01,106.82441474522841,0,21793.509654088026,114.17545882064428,-21679.33419526738,0.005238966124908993
Salmonellosis,2024,10,1041.6183466548273,784,post_covid,0.7526749144903482,-24.73250855096518,555.5690693535466,5099.976074742859,441.926752377672,NA,FALSE,NA,2024-10-01,257.6183466548273,0,22051.128000742854,114.17545882064428,-21936.952541922208,0.005177760467255823
Salmonellosis,2024,11,1406.420677316757,1077,post_covid,0.7657737242990177,-23.422627570098236,651.7737348779017,1391430.622071807,502.19938065197266,NA,FALSE,NA,2024-11-01,329.42067731675706,0,22380.54867805961,114.17545882064428,-22266.373219238965,0.005101548691367618
Salmonellosis,2024,12,1185.182913180042,940,post_covid,0.7931265204269814,-20.687347957301856,595.8390164018831,10274.426041903807,467.36724670473063,NA,FALSE,NA,2024-12-01,245.18291318004208,0,22625.73159123965,114.17545882064428,-22511.556132419006,0.005046265945488866
Salmonellosis,2025,1,1767.4155775380318,74,post_covid,0.04186904367057818,-95.81309563294218,725.7802484203547,NA,546.0958377218375,NA,TRUE,NA,2025-01-01,1693.4155775380318,0,24319.147168777683,114.17545882064428,-24204.971709957037,0.004694879225338514
Salmonellosis,2025,2,2045.7209579489845,0,post_covid,0,-100,772.8346124523117,NA,573.0233041659656,NA,TRUE,NA,2025-02-01,2045.7209579489845,0,26364.86812672667,114.17545882064428,-26250.692667906023,0.004330590931532178
Salmonellosis,2025,3,1757.3373822016415,0,post_covid,0,-100,703.2681121870883,NA,526.6864446131797,NA,TRUE,NA,2025-03-01,1757.3373822016415,0,28122.20550892831,114.17545882064428,-28008.030050107664,0.004059975267032152
Salmonellosis,2025,4,1429.7254289767775,0,post_covid,0,-100,639.3758035572731,NA,489.0509977132268,NA,TRUE,NA,2025-04-01,1429.7254289767775,0,29551.930937905086,114.17545882064428,-29437.75547908444,0.00386355325005839
Salmonellosis,2025,5,1380.589602817403,0,post_covid,0,-100,627.7999358140238,NA,481.8309787289658,NA,TRUE,NA,2025-05-01,1380.589602817403,0,30932.52054072249,114.17545882064428,-30818.345081901844,0.003691113974056299
Salmonellosis,2025,6,886.9604361308382,0,post_covid,0,-100,491.1905611264845,3405.8250802643056,394.40332227565824,NA,TRUE,NA,2025-06-01,886.9604361308382,0,31819.480976853327,114.17545882064428,-31705.30551803268,0.0035882250531898917
Salmonellosis,2025,7,851.1870291231986,0,post_covid,0,-100,479.36368318180473,2983.082904422973,386.5766201557163,NA,TRUE,NA,2025-07-01,851.1870291231986,0,32670.668005976528,114.17545882064428,-32556.49254715588,0.0034947390362436996
Salmonellosis,2025,8,970.2902367445364,0,post_covid,0,-100,516.9090706044287,4792.691711012682,411.0550292261877,NA,TRUE,NA,2025-08-01,970.2902367445364,0,33640.95824272106,114.17545882064428,-33526.78278390042,0.003393941932238169
Salmonellosis,2025,9,794.2292890704371,0,post_covid,0,-100,458.68190961987045,2463.8629312253383,372.3622926522627,53129.236426242154,TRUE,FALSE,2025-09-01,794.2292890704371,0,34435.187531791504,114.17545882064428,-34321.01207297086,0.0033156624663430215
Salmonellosis,2025,10,1053.4193182306008,0,post_covid,0,-100,540.229684389824,7255.961217629474,425.7041630242721,NA,TRUE,NA,2025-10-01,1053.4193182306008,0,35488.6068500221,114.17545882064428,-35374.431391201455,0.0032172426295334604
Salmonellosis,2025,11,1416.404045632762,0,post_covid,0,-100,628.8691272725181,NA,480.31880850637816,NA,TRUE,NA,2025-11-01,1416.404045632762,0,36905.010895654865,114.17545882064428,-36790.83543683422,0.0030937657529343018
Salmonellosis,2025,12,1191.1514973930614,0,post_covid,0,-100,576.2912279546208,20300.746024747416,448.158759531064,NA,TRUE,NA,2025-12-01,1191.1514973930614,0,38096.162393047925,114.17545882064428,-37981.98693422728,0.0029970330775752857
