disease,year,month,expected,observed,period,oe_ratio,pct_change,expected_lo80,expected_hi80,expected_lo95,expected_hi95,below_pi95,above_pi95
Influenza (laboratory confirmed),2015,1,1370.4698504111475,1391,baseline,1.0149803730324263,1.4980373032426335,NA,NA,NA,NA,NA,NA
Influenza (laboratory confirmed),2015,2,1313.5305913170555,1333,baseline,1.014822196613954,1.4822196613953886,NA,NA,NA,NA,NA,NA
Influenza (laboratory confirmed),2015,3,1704.056385277787,1731,baseline,1.015811457270424,1.581145727042402,NA,NA,NA,NA,NA,NA
Influenza (laboratory confirmed),2015,4,2034.4066777437097,2068,baseline,1.0165125894560805,1.6512589456080393,NA,NA,NA,NA,NA,NA
Influenza (laboratory confirmed),2015,5,2761.899980141381,2811,baseline,1.0177776241759868,1.777762417598681,NA,NA,NA,NA,NA,NA
Influenza (laboratory confirmed),2015,6,4213.22231575346,4296,baseline,1.0196471199578123,1.964711995781232,NA,NA,NA,NA,NA,NA
Influenza (laboratory confirmed),2015,7,13754.014841901995,14108,baseline,1.0257368602671257,2.5736860267125716,NA,NA,NA,NA,NA,NA
Influenza (laboratory confirmed),2015,8,34824.110470631254,35923,baseline,1.0315554227952353,3.1555422795235177,NA,NA,NA,NA,NA,NA
Influenza (laboratory confirmed),2015,9,27597.993386024315,28426,baseline,1.0300024209149565,3.000242091495644,NA,NA,NA,NA,NA,NA
Influenza (laboratory confirmed),2015,10,6492.975032129375,6634,baseline,1.0217196226957268,2.1719622695726857,NA,NA,NA,NA,NA,NA
Influenza (laboratory confirmed),2015,11,1154.4353822637252,1171,baseline,1.0143486746774804,1.4348674677480333,NA,NA,NA,NA,NA,NA
Influenza (laboratory confirmed),2015,12,720.8350753101024,730,baseline,1.0127143156650011,1.2714315665001248,NA,NA,NA,NA,NA,NA
Influenza (laboratory confirmed),2016,1,1286.218626658004,1235,baseline,0.9601789108037675,-3.9821089196232493,NA,NA,NA,NA,NA,NA
Influenza (laboratory confirmed),2016,2,1379.6909670413334,1805,baseline,1.3082639831082732,30.82639831082732,NA,NA,NA,NA,NA,NA
Influenza (laboratory confirmed),2016,3,2651.2235145911063,2434,baseline,0.9180666913236064,-8.193330867639363,NA,NA,NA,NA,NA,NA
Influenza (laboratory confirmed),2016,4,2569.5927488924613,2849,baseline,1.1087360054343118,10.873600543431175,NA,NA,NA,NA,NA,NA
Influenza (laboratory confirmed),2016,5,3361.051970873307,1882,baseline,0.5599437367554294,-44.00562632445706,NA,NA,NA,NA,NA,NA
Influenza (laboratory confirmed),2016,6,1975.1206246747663,2352,baseline,1.1908133460898331,19.08133460898332,NA,NA,NA,NA,NA,NA
Influenza (laboratory confirmed),2016,7,10209.16271179697,9180,baseline,0.8991922510346766,-10.08077489653234,NA,NA,NA,NA,NA,NA
Influenza (laboratory confirmed),2016,8,23701.220806107034,24316,baseline,1.0259387142511476,2.5938714251147656,NA,NA,NA,NA,NA,NA
Influenza (laboratory confirmed),2016,9,25173.196171295833,29863,baseline,1.1863014849918738,18.63014849918739,NA,NA,NA,NA,NA,NA
Influenza (laboratory confirmed),2016,10,8379.498759936614,7973,baseline,0.9514888931208949,-4.851110687910514,NA,NA,NA,NA,NA,NA
Influenza (laboratory confirmed),2016,11,1613.4584217536278,4033,baseline,2.499599584113629,149.9599584113629,NA,NA,NA,NA,NA,NA
Influenza (laboratory confirmed),2016,12,3485.117978498947,3012,baseline,0.8642462087602782,-13.575379123972176,NA,NA,NA,NA,NA,NA
Influenza (laboratory confirmed),2017,1,2469.6036785265537,2438,baseline,0.987202935110054,-1.2797064889946028,NA,NA,NA,NA,NA,NA
Influenza (laboratory confirmed),2017,2,2331.7720940760487,2712,baseline,1.1630639233096296,16.306392330962964,NA,NA,NA,NA,NA,NA
Influenza (laboratory confirmed),2017,3,3436.323160578393,3208,baseline,0.9335559695904845,-6.6444030409515475,NA,NA,NA,NA,NA,NA
Influenza (laboratory confirmed),2017,4,3160.4897208139478,1863,baseline,0.5894656096271707,-41.05343903728294,NA,NA,NA,NA,NA,NA
Influenza (laboratory confirmed),2017,5,1417.0395483079117,2714,baseline,1.915260589050454,91.52605890504539,NA,NA,NA,NA,NA,NA
Influenza (laboratory confirmed),2017,6,6525.198079066667,8451,baseline,1.2951330975087871,29.51330975087872,NA,NA,NA,NA,NA,NA
Influenza (laboratory confirmed),2017,7,34780.14632758351,28008,baseline,0.805287008749223,-19.4712991250777,NA,NA,NA,NA,NA,NA
Influenza (laboratory confirmed),2017,8,53209.047046675885,86297,baseline,1.6218482530667915,62.18482530667914,NA,NA,NA,NA,NA,NA
Influenza (laboratory confirmed),2017,9,85375.59903513719,93622,baseline,1.0965896703280398,9.658967032803979,NA,NA,NA,NA,NA,NA
Influenza (laboratory confirmed),2017,10,14016.746666224017,15868,baseline,1.1320743948549006,13.207439485490067,NA,NA,NA,NA,NA,NA
Influenza (laboratory confirmed),2017,11,3061.6364067233944,3634,baseline,1.1869469516431435,18.694695164314336,NA,NA,NA,NA,NA,NA
Influenza (laboratory confirmed),2017,12,2142.834857941961,2389,baseline,1.1148782609848258,11.487826098482582,NA,NA,NA,NA,NA,NA
Influenza (laboratory confirmed),2018,1,2868.5959113419535,3223,baseline,1.1235461876163149,12.354618761631478,NA,NA,NA,NA,NA,NA
Influenza (laboratory confirmed),2018,2,3903.895876528841,3538,baseline,0.9062741712122254,-9.372582878777454,NA,NA,NA,NA,NA,NA
Influenza (laboratory confirmed),2018,3,3702.7501731706348,3698,baseline,0.9987171229630739,-0.12828770369261014,NA,NA,NA,NA,NA,NA
Influenza (laboratory confirmed),2018,4,2986.710901010775,1899,baseline,0.635816476029646,-36.4183523970354,NA,NA,NA,NA,NA,NA
Influenza (laboratory confirmed),2018,5,1341.17841801145,1529,baseline,1.1400422042781087,14.004220427810854,NA,NA,NA,NA,NA,NA
Influenza (laboratory confirmed),2018,6,3169.9595962986537,2245,baseline,0.7082109193509387,-29.17890806490613,NA,NA,NA,NA,NA,NA
Influenza (laboratory confirmed),2018,7,6352.915880520115,3478,baseline,0.5474651428432349,-45.25348571567651,NA,NA,NA,NA,NA,NA
Influenza (laboratory confirmed),2018,8,6909.674953731827,8706,baseline,1.2599724383992912,25.99724383992912,NA,NA,NA,NA,NA,NA
Influenza (laboratory confirmed),2018,9,17579.182813677562,11079,baseline,0.630234073871735,-36.976592612826494,NA,NA,NA,NA,NA,NA
Influenza (laboratory confirmed),2018,10,3445.964976221375,6932,baseline,2.0116281064473234,101.16281064473233,NA,NA,NA,NA,NA,NA
Influenza (laboratory confirmed),2018,11,4980.456399525594,6375,baseline,1.2800031741282267,28.000317412822675,NA,NA,NA,NA,NA,NA
Influenza (laboratory confirmed),2018,12,4564.794949810973,5766,baseline,1.2631454563449271,26.314545634492713,NA,NA,NA,NA,NA,NA
Influenza (laboratory confirmed),2019,1,5453.735389616813,6034,baseline,1.1063976465539442,10.639764655394417,NA,NA,NA,NA,NA,NA
Influenza (laboratory confirmed),2019,2,5763.230261747581,6879,baseline,1.193601450502185,19.360145050218506,NA,NA,NA,NA,NA,NA
Influenza (laboratory confirmed),2019,3,7049.359140350271,12213,baseline,1.7324979131923126,73.24979131923126,NA,NA,NA,NA,NA,NA
Influenza (laboratory confirmed),2019,4,6008.706629348878,16794,baseline,2.7949442427379503,179.49442427379498,NA,NA,NA,NA,NA,NA
Influenza (laboratory confirmed),2019,5,22704.587532881742,33177,baseline,1.4612465411208932,46.124654112089324,NA,NA,NA,NA,NA,NA
Influenza (laboratory confirmed),2019,6,58880.67292665358,55198,baseline,0.9374553186367112,-6.254468136328886,NA,NA,NA,NA,NA,NA
Influenza (laboratory confirmed),2019,7,76578.31549682602,62918,baseline,0.8216164013506904,-17.838359864930965,NA,NA,NA,NA,NA,NA
Influenza (laboratory confirmed),2019,8,115065.30844258098,69943,baseline,0.6078547995628276,-39.214520043717236,NA,NA,NA,NA,NA,NA
Influenza (laboratory confirmed),2019,9,47033.15578175856,33028,baseline,0.7022280229983983,-29.777197700160173,NA,NA,NA,NA,NA,NA
Influenza (laboratory confirmed),2019,10,8667.918985264978,8745,baseline,1.0088926782617669,0.8892678261766858,NA,NA,NA,NA,NA,NA
Influenza (laboratory confirmed),2019,11,3863.036323504388,4625,baseline,1.1972447610340846,19.724476103408474,NA,NA,NA,NA,NA,NA
Influenza (laboratory confirmed),2019,12,3852.0111837066906,3860,baseline,1.002073933826335,0.20739338263348248,NA,NA,NA,NA,NA,NA
Influenza (laboratory confirmed),2020,1,4582.209110396004,7505,baseline,1.6378562870412963,63.78562870412963,NA,NA,NA,NA,NA,NA
Influenza (laboratory confirmed),2020,2,10470.266244611328,7032,baseline,0.67161615910379735,-32.83838408962027,NA,NA,NA,NA,NA,NA
Influenza (laboratory confirmed),2020,3,5974.067279659972,5972,covid_acute,0.9996539577538722,-0.03460422461277733,3748.404170458064,9936.86877373749,2972.981771624554,13273.177203583009,FALSE,FALSE
Influenza (laboratory confirmed),2020,4,4160.42231493778,327,covid_acute,0.0785977901392182,-92.14022098607818,1956.684969862077,9962.052530876746,1363.237341057451,16832.81899622282,TRUE,FALSE
Influenza (laboratory confirmed),2020,5,4300.706853875534,297,covid_acute,0.0690584153003504,-93.09415846996497,1794.3142301252162,12142.195017139933,1187.8576137141654,23017.597279071106,TRUE,FALSE
Influenza (laboratory confirmed),2020,6,6500.762983729222,193,covid_acute,0.02968882275558427,-97.03111772444157,2407.7070130837924,21808.87712453876,1517.3242175803762,46935.34289109685,TRUE,FALSE
Influenza (laboratory confirmed),2020,7,9232.357114308637,231,covid_acute,0.025020695921953447,-97.49793040780466,3129.203283077631,35433.909593801756,1902.7945989157138,84606.45582788711,TRUE,FALSE
Influenza (laboratory confirmed),2020,8,18192.944767908026,115,covid_acute,0.006321131706113768,-99.36788682938862,5344.948081313483,87775.65807617341,3073.336185274649,252774.05709795814,TRUE,FALSE
Influenza (laboratory confirmed),2020,9,16699.421514877828,61,covid_acute,0.0036528211438733946,-99.63471788561266,4947.2918304276545,79466.42484601488,2853.8360463403264,226184.12315757293,TRUE,FALSE
Influenza (laboratory confirmed),2020,10,7618.457970587869,41,covid_acute,0.005381666494490917,-99.4618333505509,2601.1830154865715,28910.472782911394,1586.3463704171816,68417.47238658449,TRUE,FALSE
Influenza (laboratory confirmed),2020,11,5625.670849446642,53,covid_acute,0.009421098641989202,-99.05789013580107,2019.6634391411603,19774.72473227543,1256.787380387278,44096.698258408825,TRUE,FALSE
Influenza (laboratory confirmed),2020,12,4919.694049937608,54,covid_acute,0.010976292316528267,-98.90237076834717,1804.3416524100705,16747.634994081036,1132.558984537051,36444.084342764014,TRUE,FALSE
Influenza (laboratory confirmed),2021,1,6577.14046147705,66,covid_acute,0.010034756044297427,-98.99652439557026,2295.5484969919835,24130.835300289662,1412.3216827683611,55619.87547144698,TRUE,FALSE
Influenza (laboratory confirmed),2021,2,6946.843239485607,46,covid_acute,0.00662171268505638,-99.33782873149435,2401.015790724174,25871.168304873598,1471.4381309015246,60330.12581865796,TRUE,FALSE
Influenza (laboratory confirmed),2021,3,9132.717548969089,50,covid_acute,0.005474821676231961,-99.45251783237681,2955.8929133066954,37674.53819152798,1764.8711372515434,95289.57925057985,TRUE,FALSE
Influenza (laboratory confirmed),2021,4,9317.646380372918,72,covid_acute,0.007727273289922638,-99.22727267100774,2909.072585382698,40709.40910926283,1712.569017046671,107899.8099337313,TRUE,FALSE
Influenza (laboratory confirmed),2021,5,13592.43420114793,67,covid_acute,0.004929212752366431,-99.50707872476336,3875.556273645462,68936.00477052125,2203.0350455171983,207199.70061445344,TRUE,FALSE
Influenza (laboratory confirmed),2021,6,21584.644820694422,59,covid_acute,0.002733424640067895,-99.72665753599321,5534.095148966304,131461.8681729387,3022.4848508749183,465214.0052096982,TRUE,FALSE
Influenza (laboratory confirmed),2021,7,27350.769681069705,72,covid_acute,0.002632467050820635,-99.73675329491793,6620.994945458049,184669.74474256882,3540.2681522045646,719765.1865610974,TRUE,FALSE
Influenza (laboratory confirmed),2021,8,39654.35135377402,43,covid_acute,0.0010843702779646542,-99.89156297220353,8784.403905389812,315859.8335804648,4548.431311965887,1448104.1134089874,TRUE,FALSE
Influenza (laboratory confirmed),2021,9,25026.8493572648,63,covid_acute,0.0025172964882897793,-99.74827035117102,6155.40396232194,164182.11216717024,3310.556357019239,622661.9835348184,TRUE,FALSE
Influenza (laboratory confirmed),2021,10,8281.902300431933,55,covid_acute,0.00664098633439947,-99.33590136656005,2558.0671259200067,36816.45027977825,1499.639764881263,98986.32641088469,TRUE,FALSE
Influenza (laboratory confirmed),2021,11,4990.525027715885,62,covid_acute,0.01242354254425547,-98.75764574557445,1691.2928382745256,19157.020530501533,1028.3893703523388,45747.96219997036,TRUE,FALSE
Influenza (laboratory confirmed),2021,12,4240.154442862724,105,covid_acute,0.024763248937015054,-97.5236751062985,1478.3059087265913,15582.241898388409,909.1262491989224,35961.857082017734,TRUE,FALSE
Influenza (laboratory confirmed),2022,1,7123.973671119064,39,transition,0.005474472787302387,-99.45255272126975,2262.525462353424,30284.598816241927,1340.8794776182422,78489.16148383686,TRUE,FALSE
Influenza (laboratory confirmed),2022,2,6998.623206434153,33,transition,0.00471521312501316,-99.52847868749869,2229.980217078485,29597.35939746009,1323.2835339595763,76383.6221266076,TRUE,FALSE
Influenza (laboratory confirmed),2022,3,7029.257732662004,324,transition,0.04609306022377132,-95.39069397762286,2134.408572705637,32125.66975390958,1243.006771383564,88386.5203972757,TRUE,FALSE
Influenza (laboratory confirmed),2022,4,5629.900233160937,5725,transition,1.0168919097853477,1.6891909785347745,1631.152324538822,27797.973076723923,932.9130304032504,81647.24529611721,FALSE,FALSE
Influenza (laboratory confirmed),2022,5,6567.921043971916,54194,transition,8.251317218519189,725.1317218519189,1764.6245601115136,36859.4611794304,980.7650922979622,121105.1653909474,FALSE,FALSE
Influenza (laboratory confirmed),2022,6,10097.217451194772,111037,transition,10.996791991130323,999.6791991130323,2412.850658677013,69807.68453073848,1284.0618067296873,278317.07073942554,FALSE,FALSE
Influenza (laboratory confirmed),2022,7,13787.733159889567,44665,transition,3.2394737758587246,223.94737758587246,3026.0692843313914,111790.88813499406,1561.6485520096232,521840.1986959975,FALSE,FALSE
Influenza (laboratory confirmed),2022,8,24380.130070365576,6573,transition,0.26960479624305134,-73.03952037569486,4611.362106227827,265892.64378266473,2258.633674573115,1707719.880544223,FALSE,FALSE
Influenza (laboratory confirmed),2022,9,19503.091991962894,2710,transition,0.13895232618072942,-86.10476738192706,3891.097614983593,190713.8705471347,1941.4880526515542,1084643.2088324311,FALSE,FALSE
Influenza (laboratory confirmed),2022,10,7870.941497203625,1528,transition,0.1941317948485407,-80.58682051514593,1943.7453860504977,51258.58652284301,1046.9652611228325,193061.05255710986,FALSE,FALSE
Influenza (laboratory confirmed),2022,11,5365.788544997299,1892,transition,0.3526042787809769,-64.73957212190231,1438.629388964251,30222.23256950773,798.9507312446997,99620.1949838678,FALSE,FALSE
Influenza (laboratory confirmed),2022,12,4638.854281601912,4648,transition,1.0019715468180066,0.19715468180065526,1281.5846655968846,24816.46189604069,719.8279132677571,78145.36348907427,FALSE,FALSE
Influenza (laboratory confirmed),2023,1,6785.515552655411,3653,post_covid,0.5383526088257882,-46.16473911742119,1728.7500679605696,41794.00218379746,941.9499440523408,149438.45349592363,FALSE,FALSE
Influenza (laboratory confirmed),2023,2,6967.10266813834,4287,post_covid,0.6153203425012133,-38.46796574987867,1764.5801508294708,43364.36091386787,959.3738848212528,156563.84722093787,FALSE,FALSE
Influenza (laboratory confirmed),2023,3,8229.353579326924,10725,post_covid,1.3032615376914203,30.326153769142028,1967.9202291662996,56819.00615110828,1047.556126047993,226244.83917480646,FALSE,FALSE
Influenza (laboratory confirmed),2023,4,7605.053697182135,13331,post_covid,1.7529133298479502,75.291332984795,1778.7991680738987,54695.2695783622,939.2768813392642,226565.02481824774,FALSE,FALSE
Influenza (laboratory confirmed),2023,5,10102.486224891103,25052,post_covid,2.479785613394394,147.9785613394394,2164.421712722961,85807.75917926032,1107.4188368173463,420132.8278426856,FALSE,FALSE
Influenza (laboratory confirmed),2023,6,15823.429366080272,77741,post_covid,4.913031063079706,391.3031063079706,2995.934829062792,172211.11296337855,1467.9126809629713,1103410.0862707605,FALSE,FALSE
Influenza (laboratory confirmed),2023,7,20695.657211248825,53171,post_covid,2.5691863494482154,156.91863494482152,3628.1810407403677,265134.180484768,1731.5382070852374,2057120.5231661792,FALSE,FALSE
Influenza (laboratory confirmed),2023,8,32599.459836454498,32501,post_covid,0.9969797095734576,-0.3020290426542435,5021.367287475295,558696.076181934,2295.2269002103512,6302778.375621615,FALSE,FALSE
Influenza (laboratory confirmed),2023,9,22664.41125789312,24938,post_covid,1.1003153673941157,10.03153673941157,3857.54152951404,309727.781179147,1822.7180888246733,2601370.3324759128,FALSE,FALSE
Influenza (laboratory confirmed),2023,10,8117.759483270998,12724,post_covid,1.56742756744906,56.74275674490601,1794.096152875146,64948.56026132053,928.1804824735306,299108.63998979656,FALSE,FALSE
Influenza (laboratory confirmed),2023,11,5133.9046823626195,13099,post_covid,2.5514692637362812,155.14692637362813,1260.609099573956,33780.36561078716,677.5805697589662,128474.2309747715,FALSE,FALSE
Influenza (laboratory confirmed),2023,12,4391.5228757651,17640,post_covid,4.016829810302815,301.6829810302815,1115.9697233404502,27171.95528724054,607.4850291803062,97565.14606649545,FALSE,FALSE
Influenza (laboratory confirmed),2024,1,6988.895324259106,8614,post_covid,1.232526687028779,23.252668702877898,1598.9160534159857,52379.3672605696,837.5519423698381,225940.95098486528,FALSE,FALSE
Influenza (laboratory confirmed),2024,2,6986.239732855224,7972,post_covid,1.141100263494952,14.110026349495207,1598.3596739656823,52356.3232109217,837.2701807228835,225828.13841031343,FALSE,FALSE
Influenza (laboratory confirmed),2024,3,7473.593583408313,13784,post_covid,1.84436039318502,84.43603931850203,1637.522187487035,60790.88262283074,844.5613717756861,284702.55030981655,FALSE,FALSE
Influenza (laboratory confirmed),2024,4,6322.488417003073,12443,post_covid,1.9680542184208722,96.80542184208723,1366.0562237767947,52831.069575264984,701.0414641384647,254343.7487990427,FALSE,FALSE
Influenza (laboratory confirmed),2024,5,7745.660907278345,31202,post_covid,4.028319903687043,302.83199036870434,1549.0031916522719,75382.86643370405,773.5230159816991,426506.88257331605,FALSE,FALSE
Influenza (laboratory confirmed),2024,6,11991.05208082807,71692,post_covid,5.978791478574675,497.8791478574675,2109.2904138026393,152498.28549529865,1007.806919775043,1172770.5187229875,FALSE,FALSE
Influenza (laboratory confirmed),2024,7,16111.990049970635,96875,post_covid,6.012603017972728,501.26030179727286,2592.781426189554,249630.60463853893,1202.3803511791184,2460746.0871541332,FALSE,FALSE
Influenza (laboratory confirmed),2024,8,27273.61381501019,83372,post_covid,3.056873964905807,205.6873964905807,3750.7207399568583,614883.8053142232,1652.6061259182873,10325726.396001577,FALSE,FALSE
Influenza (laboratory confirmed),2024,9,20676.808224898887,18889,post_covid,0.9135355802765526,-8.64644197234474,3078.691807348782,383889.4898047848,1391.726169103816,4840147.610523597,FALSE,FALSE
Influenza (laboratory confirmed),2024,10,7966.682436551464,6924,post_covid,0.8691196185042352,-13.088038149576473,1537.4347945323514,83356.78741028065,758.2816417192895,510890.98954944505,FALSE,FALSE
Influenza (laboratory confirmed),2024,11,5273.39119302949,7118,post_covid,1.3497955564929003,34.979555649290035,1127.3731328858291,44978.477260212996,576.3748568705317,221180.87502570316,FALSE,FALSE
Influenza (laboratory confirmed),2024,12,4539.930662027347,6037,post_covid,1.3297559917587205,32.975599175872055,1005.8328170598319,36153.27896583964,520.8287020296681,165709.25606269806,FALSE,FALSE
Influenza (laboratory confirmed),2025,1,6864.445101076778,1037,post_covid,0.151068292444692,-84.8931707555308,1374.4282225413383,66645.02570456748,686.6347918439883,376076.12527680746,FALSE,FALSE
Influenza (laboratory confirmed),2025,2,6974.601555733587,0,post_covid,0,-100,1390.7936693559163,68273.53937134618,693.8195944257167,388734.2713338141,TRUE,FALSE
Influenza (laboratory confirmed),2025,3,7922.630443596598,0,post_covid,0,-100,1500.2416397573486,86199.62760964665,735.1057177399485,552127.747401307,TRUE,FALSE
Influenza (laboratory confirmed),2025,4,7068.391412304745,0,post_covid,0,-100,1326.9474971764905,78301.44784083359,648.2564025439684,511935.4820787019,TRUE,FALSE
Influenza (laboratory confirmed),2025,5,9088.998802929766,0,post_covid,0,-100,1564.8962053340624,121106.74828701891,742.2995587128095,985831.7167146908,TRUE,FALSE
Influenza (laboratory confirmed),2025,6,14168.991609330285,0,post_covid,0,-100,2131.422664300149,256737.93375590505,966.7349770385194,3128069.8246629285,TRUE,FALSE
Influenza (laboratory confirmed),2025,7,18734.6351405416,0,post_covid,0,-100,2580.6892934091284,420627.0237638426,1137.6796064962234,7018674.718064675,TRUE,FALSE
Influenza (laboratory confirmed),2025,8,30375.782352454284,0,post_covid,0,-100,3591.431120190809,1019176.8573088952,1509.1074813389691,33604853.81074355,TRUE,FALSE
Influenza (laboratory confirmed),2025,9,21859.030387041126,0,post_covid,0,-100,2859.925881150889,559459.7311197621,1240.3161707287513,11490947.748170193,TRUE,FALSE
Influenza (laboratory confirmed),2025,10,8058.101890290852,0,post_covid,0,-100,1404.2290483940806,104584.90110043505,668.8052149007626,824377.5298126392,TRUE,FALSE
Influenza (laboratory confirmed),2025,11,5188.091241776983,0,post_covid,0,-100,1014.3500387404071,52856.08413233723,502.55897173259814,314475.0029528897,TRUE,FALSE
Influenza (laboratory confirmed),2025,12,4449.041310622266,0,post_covid,0,-100,904.0308084621199,41937.93480638577,453.9722891645358,229211.76833555094,TRUE,FALSE
Meningococcal disease (invasive),2015,1,12.977107566098404,8,baseline,0.6164701925488638,-38.352980745113626,NA,NA,NA,NA,NA,NA
Meningococcal disease (invasive),2015,2,9.616287185890245,6,baseline,0.6239414322820621,-37.60585677179379,NA,NA,NA,NA,NA,NA
Meningococcal disease (invasive),2015,3,9.046576935371263,12,baseline,1.3264685732214503,32.64685732214503,NA,NA,NA,NA,NA,NA
Meningococcal disease (invasive),2015,4,12.570024524684346,15,baseline,1.1933150942182966,19.33150942182967,NA,NA,NA,NA,NA,NA
Meningococcal disease (invasive),2015,5,19.453106834842803,19,baseline,0.9767077393503419,-2.329226064965804,NA,NA,NA,NA,NA,NA
Meningococcal disease (invasive),2015,6,19.933672210540703,13,baseline,0.6521628259305752,-34.783717406942486,NA,NA,NA,NA,NA,NA
Meningococcal disease (invasive),2015,7,14.191324143089357,18,baseline,1.2683805836938284,26.838058369382857,NA,NA,NA,NA,NA,NA
Meningococcal disease (invasive),2015,8,15.283758022412544,28,baseline,1.8320101613058772,83.20101613058772,NA,NA,NA,NA,NA,NA
Meningococcal disease (invasive),2015,9,23.99013519662461,20,baseline,0.8336760020766362,-16.63239979233639,NA,NA,NA,NA,NA,NA
Meningococcal disease (invasive),2015,10,24.511098507707977,21,baseline,0.8567547469729336,-14.324525302706634,NA,NA,NA,NA,NA,NA
Meningococcal disease (invasive),2015,11,14.415429239210209,13,baseline,0.9018115093402688,-9.818849065973128,NA,NA,NA,NA,NA,NA
Meningococcal disease (invasive),2015,12,9.775062180411647,6,baseline,0.6138068371599176,-38.61931628400825,NA,NA,NA,NA,NA,NA
Meningococcal disease (invasive),2016,1,8.501280345596633,22,baseline,2.587845489814394,158.7845489814394,NA,NA,NA,NA,NA,NA
Meningococcal disease (invasive),2016,2,11.305761061533682,9,baseline,0.7960543258446597,-20.394567415534024,NA,NA,NA,NA,NA,NA
Meningococcal disease (invasive),2016,3,19.675060729046294,14,baseline,0.7115607007673322,-28.843929923266774,NA,NA,NA,NA,NA,NA
Meningococcal disease (invasive),2016,4,15.018968499646874,14,baseline,0.9321545617682844,-6.784543823171559,NA,NA,NA,NA,NA,NA
Meningococcal disease (invasive),2016,5,12.978897938764263,16,baseline,1.2327703072702783,23.277030727027817,NA,NA,NA,NA,NA,NA
Meningococcal disease (invasive),2016,6,14.604814028619757,16,baseline,1.0955291843255397,9.55291843255396,NA,NA,NA,NA,NA,NA
Meningococcal disease (invasive),2016,7,20.59928691753244,18,baseline,0.8738166555017913,-12.618334449820868,NA,NA,NA,NA,NA,NA
Meningococcal disease (invasive),2016,8,22.085487313660128,34,baseline,1.539472483315802,53.94724833158021,NA,NA,NA,NA,NA,NA
Meningococcal disease (invasive),2016,9,20.792859887891936,25,baseline,1.202335808291478,20.233580829147794,NA,NA,NA,NA,NA,NA
Meningococcal disease (invasive),2016,10,24.799673725953056,37,baseline,1.4919551123480792,49.195511234807924,NA,NA,NA,NA,NA,NA
Meningococcal disease (invasive),2016,11,21.70737766015248,20,baseline,0.9213457430518354,-7.86542569481646,NA,NA,NA,NA,NA,NA
Meningococcal disease (invasive),2016,12,12.007567021195102,25,baseline,2.082020442265395,108.20204422653951,NA,NA,NA,NA,NA,NA
Meningococcal disease (invasive),2017,1,30.46352097007397,28,baseline,0.9191320999140571,-8.086790008594292,NA,NA,NA,NA,NA,NA
Meningococcal disease (invasive),2017,2,18.25094348860055,21,baseline,1.1506254464661783,15.062544646617834,NA,NA,NA,NA,NA,NA
Meningococcal disease (invasive),2017,3,19.585288116445174,23,baseline,1.1743508629157002,17.43508629157003,NA,NA,NA,NA,NA,NA
Meningococcal disease (invasive),2017,4,17.76332410621264,22,baseline,1.2385069296971056,23.85069296971057,NA,NA,NA,NA,NA,NA
Meningococcal disease (invasive),2017,5,20.9060260243524,17,baseline,0.8131626728196711,-18.68373271803289,NA,NA,NA,NA,NA,NA
Meningococcal disease (invasive),2017,6,17.538778874542672,26,baseline,1.4824293176840657,48.24293176840658,NA,NA,NA,NA,NA,NA
Meningococcal disease (invasive),2017,7,19.584355697500996,33,baseline,1.6850184151940657,68.50184151940657,NA,NA,NA,NA,NA,NA
Meningococcal disease (invasive),2017,8,36.29589141154881,40,baseline,1.1020531097156798,10.205310971567982,NA,NA,NA,NA,NA,NA
Meningococcal disease (invasive),2017,9,32.16033679249429,65,baseline,2.0211231125903497,102.11231125903495,NA,NA,NA,NA,NA,NA
Meningococcal disease (invasive),2017,10,38.55633241567698,52,baseline,1.3486759954081327,34.86759954081327,NA,NA,NA,NA,NA,NA
Meningococcal disease (invasive),2017,11,28.876301380532983,28,baseline,0.9696532679519773,-3.034673204802271,NA,NA,NA,NA,NA,NA
Meningococcal disease (invasive),2017,12,26.141802057578822,23,baseline,0.8798169288154343,-12.01830711845657,NA,NA,NA,NA,NA,NA
Meningococcal disease (invasive),2018,1,20.42889459519088,22,baseline,1.0769060409748734,7.690604097487346,NA,NA,NA,NA,NA,NA
Meningococcal disease (invasive),2018,2,17.7506254574683,12,baseline,0.6760325166430227,-32.39674833569774,NA,NA,NA,NA,NA,NA
Meningococcal disease (invasive),2018,3,15.648096815452469,17,baseline,1.0863940963870142,8.639409638701423,NA,NA,NA,NA,NA,NA
Meningococcal disease (invasive),2018,4,15.510824989980526,17,baseline,1.0960087558838059,9.600875588380578,NA,NA,NA,NA,NA,NA
Meningococcal disease (invasive),2018,5,16.61019473085333,16,baseline,0.9632638424328707,-3.6736157567129357,NA,NA,NA,NA,NA,NA
Meningococcal disease (invasive),2018,6,21.578150612100785,23,baseline,1.065893014348591,6.589301434859101,NA,NA,NA,NA,NA,NA
Meningococcal disease (invasive),2018,7,22.91897707428125,30,baseline,1.3089589427472654,30.895894274726537,NA,NA,NA,NA,NA,NA
Meningococcal disease (invasive),2018,8,27.992896351299333,33,baseline,1.1788705100702541,17.887051007025413,NA,NA,NA,NA,NA,NA
Meningococcal disease (invasive),2018,9,37.134163874507536,31,baseline,0.8348107716862149,-16.51892283137851,NA,NA,NA,NA,NA,NA
Meningococcal disease (invasive),2018,10,28.35220502403436,25,baseline,0.8817656326485833,-11.823436735141673,NA,NA,NA,NA,NA,NA
Meningococcal disease (invasive),2018,11,18.65608165304835,26,baseline,1.393647416618788,39.364741661878796,NA,NA,NA,NA,NA,NA
Meningococcal disease (invasive),2018,12,20.26203879036335,27,baseline,1.3325411267518268,33.25411267518269,NA,NA,NA,NA,NA,NA
Meningococcal disease (invasive),2019,1,25.867455901526018,16,baseline,0.6185378284169066,-38.146217158309334,NA,NA,NA,NA,NA,NA
Meningococcal disease (invasive),2019,2,14.562905417747666,9,baseline,0.6180085458106314,-38.199145418936865,NA,NA,NA,NA,NA,NA
Meningococcal disease (invasive),2019,3,10.777115069115878,12,baseline,1.1134705274130885,11.34705274130885,NA,NA,NA,NA,NA,NA
Meningococcal disease (invasive),2019,4,11.57640521629815,11,baseline,0.9502086178283874,-4.979138217161256,NA,NA,NA,NA,NA,NA
Meningococcal disease (invasive),2019,5,14.765131464377072,19,baseline,1.2868154981105409,28.681549811054076,NA,NA,NA,NA,NA,NA
Meningococcal disease (invasive),2019,6,22.072867855354062,22,baseline,0.9966987590451964,-0.3301240954803558,NA,NA,NA,NA,NA,NA
Meningococcal disease (invasive),2019,7,24.93808412813907,23,baseline,0.9222841611175648,-7.771583888243522,NA,NA,NA,NA,NA,NA
Meningococcal disease (invasive),2019,8,22.957227003263604,30,baseline,1.3067780353321938,30.677803533219382,NA,NA,NA,NA,NA,NA
Meningococcal disease (invasive),2019,9,23.376775973905808,24,baseline,1.0266599648638401,2.665996486384018,NA,NA,NA,NA,NA,NA
Meningococcal disease (invasive),2019,10,22.912310177511586,15,baseline,0.6546699081754963,-34.533009182450364,NA,NA,NA,NA,NA,NA
Meningococcal disease (invasive),2019,11,17.56776727895227,14,baseline,0.796914017455891,-20.308598254410903,NA,NA,NA,NA,NA,NA
Meningococcal disease (invasive),2019,12,14.194302959548388,10,baseline,0.7045080007449809,-29.549199925501913,NA,NA,NA,NA,NA,NA
Meningococcal disease (invasive),2020,1,10.78163172502782,12,baseline,1.1130040708164735,11.30040708164734,NA,NA,NA,NA,NA,NA
Meningococcal disease (invasive),2020,2,10.136354110005055,13,baseline,1.2825124160933163,28.251241609331636,NA,NA,NA,NA,NA,NA
Meningococcal disease (invasive),2020,3,16.079093549198472,6,covid_acute,0.37315536361806256,-62.68446363819374,10.879262139332962,25.611505083221626,9.05133707820147,34.157006264060406,TRUE,FALSE
Meningococcal disease (invasive),2020,4,17.01842321665132,7,covid_acute,0.41131895187275613,-58.86810481272439,10.913038020605756,29.317979415046434,8.881009262697646,41.4410361949388,TRUE,FALSE
Meningococcal disease (invasive),2020,5,19.314153166522665,4,covid_acute,0.20710201299082703,-79.2897987009173,11.427292080249941,37.7408334894305,9.00769240078706,58.998900665500415,TRUE,FALSE
Meningococcal disease (invasive),2020,6,18.859552195849822,7,covid_acute,0.3711646982551579,-62.883530174484214,11.085576869894663,37.24973128065051,8.716278655567113,58.75837829685522,TRUE,FALSE
Meningococcal disease (invasive),2020,7,19.20613129112728,8,covid_acute,0.4165336516102952,-58.34663483897048,11.248949467456201,38.15874475805605,8.832544704466404,60.49347460570776,TRUE,FALSE
Meningococcal disease (invasive),2020,8,21.32791801317275,7,covid_acute,0.3282083134264017,-67.17916865735984,12.23179325507189,43.8888008941966,9.52733505524742,71.70903841136844,TRUE,FALSE
Meningococcal disease (invasive),2020,9,19.540337365503873,4,covid_acute,0.20470475638058946,-79.52952436194106,11.405714703909242,39.04247132904537,8.943897050533375,62.19198674459631,TRUE,FALSE
Meningococcal disease (invasive),2020,10,15.989354454710728,10,covid_acute,0.6254161184758672,-37.45838815241328,9.699167164736881,30.01268942291045,7.720198445782216,45.387387165470926,FALSE,FALSE
Meningococcal disease (invasive),2020,11,15.496369919364072,4,covid_acute,0.2581249686742215,-74.18750313257785,9.454617987509415,28.822011433936918,7.542671811900916,43.26455783484209,TRUE,FALSE
Meningococcal disease (invasive),2020,12,13.209094124114852,7,covid_acute,0.5299379302037545,-47.00620697962455,8.292508677910195,23.49980546139687,6.691000131862873,34.05247967176973,FALSE,FALSE
Meningococcal disease (invasive),2021,1,14.42379608473846,5,covid_acute,0.34664938207843937,-65.33506179215607,8.91548485281725,26.284746353506293,7.14925001979381,38.81575419924727,TRUE,FALSE
Meningococcal disease (invasive),2021,2,14.975660386707597,4,covid_acute,0.2671000741677076,-73.28999258322924,9.19411689764889,27.581100229447628,7.352932634831057,41.075940922999116,TRUE,FALSE
Meningococcal disease (invasive),2021,3,16.493529466201846,9,covid_acute,0.5456685313136033,-45.433146868639675,9.704425760243193,32.52367369769279,7.633228090684802,51.233127949933,FALSE,FALSE
Meningococcal disease (invasive),2021,4,16.911224395007626,8,covid_acute,0.473058591923225,-52.694140807677506,9.839190984653975,33.97151179913504,7.705913666212513,54.36307830389051,FALSE,FALSE
Meningococcal disease (invasive),2021,5,17.859706594960336,8,covid_acute,0.4479356901785523,-55.206430982144774,10.184424268541012,37.10928003303941,7.915466126469119,61.14723643622571,FALSE,FALSE
Meningococcal disease (invasive),2021,6,17.679375875319334,8,covid_acute,0.45250466172666853,-54.74953382733314,10.083807953927696,36.72085721170599,7.837918906404807,60.4873704185458,FALSE,FALSE
Meningococcal disease (invasive),2021,7,17.817170466112525,3,covid_acute,0.16837690393689997,-83.16230960631,10.146150066267777,37.10798209561413,7.881595043625519,61.271397592626016,TRUE,FALSE
Meningococcal disease (invasive),2021,8,18.619199045189273,7,covid_acute,0.37595602168550973,-62.40439783144903,10.506259573663433,39.39077268220049,8.133159386447955,65.94821072635254,TRUE,FALSE
Meningococcal disease (invasive),2021,9,17.948150227358035,3,covid_acute,0.167148144070421,-83.2851855929579,10.205278952833416,37.47734004423098,7.922985590125023,62.02190540815667,TRUE,FALSE
Meningococcal disease (invasive),2021,10,16.45262735372844,4,covid_acute,0.24312226333221684,-75.68777366677831,9.522437790169581,33.339871515942335,7.442920902754698,53.75308834887452,TRUE,FALSE
Meningococcal disease (invasive),2021,11,16.22466736872892,7,covid_acute,0.43144181886228694,-56.855818113771306,9.41682425722981,32.72455980570027,7.3682574470725974,52.54950013568828,TRUE,FALSE
Meningococcal disease (invasive),2021,12,15.08699003963655,8,covid_acute,0.5302581879475227,-46.97418120524773,8.88334801389674,29.714374491792512,6.989365026052656,46.76037475146498,FALSE,FALSE
Meningococcal disease (invasive),2022,1,15.708502151110201,4,transition,0.2546391732019656,-74.53608267980344,9.176125137333273,31.346316305334888,7.197670488740121,49.87840332464996,TRUE,FALSE
Meningococcal disease (invasive),2022,2,15.977661158348699,8,transition,0.5006990648202484,-49.93009351797516,9.301912518780801,32.06241876027291,7.286891933182342,51.261944590536515,FALSE,FALSE
Meningococcal disease (invasive),2022,3,16.680129290659703,2,transition,0.11990314734070623,-88.00968526592938,9.585025241979999,34.211039404918736,7.47134488252889,55.73593699758905,TRUE,FALSE
Meningococcal disease (invasive),2022,4,16.8644910105711,6,transition,0.3557771175091525,-64.42228824908476,9.658093896589632,34.78827131849727,7.518578701434458,56.96028543234365,TRUE,FALSE
Meningococcal disease (invasive),2022,5,17.270076968142806,15,transition,0.8685543224659452,-13.14456775340548,9.825689191547884,36.02416053236049,7.630038988472895,59.56271570619542,FALSE,FALSE
Meningococcal disease (invasive),2022,6,17.19430917471507,9,transition,0.5234289966842556,-47.65710033157443,9.788053765551734,35.83194875209419,7.602422937185304,59.195258371445526,FALSE,FALSE
Meningococcal disease (invasive),2022,7,17.252260295908332,18,transition,1.0433415501080172,4.334155010801727,9.814217236151137,35.995344193698124,7.6207381156757465,59.52722159167971,FALSE,FALSE
Meningococcal disease (invasive),2022,8,17.582608494627127,9,transition,0.5118694420540735,-48.81305579459265,9.962874343783117,36.93199172141216,7.724673807306797,61.439572030871616,FALSE,FALSE
Meningococcal disease (invasive),2022,9,17.307014004449744,17,transition,0.9822607178586202,-1.7739282141379729,9.838913617591643,36.14997535775142,7.63802005717637,59.841828277626746,FALSE,FALSE
Meningococcal disease (invasive),2022,10,16.661878420734737,5,transition,0.30008621319537365,-69.99137868046263,9.54646106156227,34.3435145037039,7.432977663542781,56.19381033705801,TRUE,FALSE
Meningococcal disease (invasive),2022,11,16.559500760972846,13,transition,0.7850478216491998,-21.495217835080012,9.499752519605615,34.059952748954665,7.400149910483404,55.6266251598076,FALSE,FALSE
Meningococcal disease (invasive),2022,12,16.03102653077434,17,transition,1.060443632063458,6.044363206345809,9.257308839644194,32.60973333134688,7.2293968053274025,52.7491270493885,FALSE,FALSE
Meningococcal disease (invasive),2023,1,16.323444197662038,9,post_covid,0.5513542295987415,-44.86457704012585,9.391736828999655,33.40937471575865,7.324149027526883,54.33094040804699,FALSE,FALSE
Meningococcal disease (invasive),2023,2,16.44728442051373,6,post_covid,0.3648018631280282,-63.51981368719718,9.448459637543914,33.75011765164397,7.3640746091194105,55.0085845608288,TRUE,FALSE
Meningococcal disease (invasive),2023,3,16.762941317927744,8,post_covid,0.47724321455710794,-52.27567854428921,9.584441952717214,34.67354595871247,7.456666606788316,56.908301046404,FALSE,FALSE
Meningococcal disease (invasive),2023,4,16.84404404992575,9,post_covid,0.5343134922542353,-46.56865077457647,9.619152992751502,34.912990082631765,7.480232172725714,57.404447991514246,FALSE,FALSE
Meningococcal disease (invasive),2023,5,17.020021838808365,20,post_covid,1.175086623825406,17.508662382540603,9.695773253995185,35.425553111244355,7.532789103633669,58.46123464328467,FALSE,FALSE
Meningococcal disease (invasive),2023,6,16.987398418297907,15,post_covid,0.8830074877058756,-11.69925122941244,9.680373054626829,35.33785668685595,7.521761896910877,58.287834814939735,FALSE,FALSE
Meningococcal disease (invasive),2023,7,17.01236074434126,19,post_covid,1.116835005178213,11.683500517821296,9.691662657590943,35.40802943004307,7.529670182016275,58.43002846978842,FALSE,FALSE
Meningococcal disease (invasive),2023,8,17.153396491391906,10,post_covid,0.5829749230724249,-41.70250769275751,9.755357950759176,35.80546007442635,7.574264338937724,59.23706941000604,FALSE,FALSE
Meningococcal disease (invasive),2023,9,17.035884604095177,9,post_covid,0.5282966050284545,-47.170339497154536,9.702297281005134,35.47420512901483,7.53711848865461,58.56420594797457,FALSE,FALSE
Meningococcal disease (invasive),2023,10,16.7548740554272,10,post_covid,0.5968412515020262,-40.31587484979738,9.57497750522333,34.68664720270716,7.447871154117439,56.97260118475191,FALSE,FALSE
Meningococcal disease (invasive),2023,11,16.709491146190796,13,post_covid,0.7780009508526275,-22.19990491473725,9.554357627571996,34.56006353584035,7.433401832666861,56.71785305729847,FALSE,FALSE
Meningococcal disease (invasive),2023,12,16.47164338181037,13,post_covid,0.7892351539346641,-21.076484606533583,9.446024661320477,33.89940500277242,7.357311690980178,55.393105404465324,FALSE,FALSE
Meningococcal disease (invasive),2024,1,16.60399996533723,8,post_covid,0.48181161266567846,-51.81883873343216,9.506364661544822,34.26647468622552,7.399707627171467,56.12815142002386,FALSE,FALSE
Meningococcal disease (invasive),2024,2,16.65949171723134,3,post_covid,0.18007752282724346,-81.99224771727566,9.531621453343154,34.42079838042072,7.417442468173788,56.43792637359948,TRUE,FALSE
Meningococcal disease (invasive),2024,3,16.799458516944505,10,post_covid,0.5952572810554376,-40.47427189445624,9.593671897785827,34.82069733217407,7.460411297343338,57.25287254079237,FALSE,FALSE
Meningococcal disease (invasive),2024,4,16.83508390545671,11,post_covid,0.6533973968751412,-34.66026031248588,9.609423206663525,34.9228684945533,7.471305829615643,57.46170181538635,FALSE,FALSE
Meningococcal disease (invasive),2024,5,16.9119195465254,5,post_covid,0.2956494670072661,-70.43505329927339,9.643646281309444,35.14184590045939,7.495076256189672,57.90811897360924,TRUE,FALSE
Meningococcal disease (invasive),2024,6,16.89772317473266,15,post_covid,0.8876935575811571,-11.230644241884292,9.637094319674253,35.10278693129982,7.490438697237818,57.82993812544335,FALSE,FALSE
Meningococcal disease (invasive),2024,7,16.90858769349851,12,post_covid,0.7096985400273317,-29.03014599726684,9.642014192112248,35.13326298257913,7.49388668567992,57.89157625420754,FALSE,FALSE
Meningococcal disease (invasive),2024,8,16.96973506595371,22,post_covid,1.2964256610074298,29.642566100742982,9.66968696430964,35.30496789864868,7.513276019617347,58.239171983084304,FALSE,FALSE
Meningococcal disease (invasive),2024,9,16.91881457184545,17,post_covid,1.0047985293419819,0.47985293419819064,9.646644477340647,35.16195922975444,7.497131500204535,57.949630403738,FALSE,FALSE
Meningococcal disease (invasive),2024,10,16.795907417699897,9,post_covid,0.5358448207755421,-46.41551792244579,9.59094349100825,34.81765379896745,7.458082970197062,57.25408558037295,FALSE,FALSE
Meningococcal disease (invasive),2024,11,16.775905236409912,12,post_covid,0.7153116228837277,-28.468837711627227,9.581867420204745,34.76173790372533,7.4517173247922495,57.14133475001368,FALSE,FALSE
Meningococcal disease (invasive),2024,12,16.67036797945648,12,post_covid,0.7198401387892608,-28.015986121073926,9.533927445375443,34.46725234215716,7.4180800115936885,56.54847925744703,FALSE,FALSE
Salmonellosis,2015,1,1074.7564529271856,2511,baseline,2.3363432647099627,133.63432647099626,NA,NA,NA,NA,NA,NA
Salmonellosis,2015,2,953.3897043434384,1969,baseline,2.06526249552482,106.526249552482,NA,NA,NA,NA,NA,NA
Salmonellosis,2015,3,922.5696946061008,1850,baseline,2.005268556745595,100.52685567455949,NA,NA,NA,NA,NA,NA
Salmonellosis,2015,4,854.4366829610386,1609,baseline,1.8831120340292888,88.31120340292887,NA,NA,NA,NA,NA,NA
Salmonellosis,2015,5,822.681317073446,1506,baseline,1.8305994906476644,83.05994906476644,NA,NA,NA,NA,NA,NA
Salmonellosis,2015,6,598.4292306184816,911,baseline,1.5223186859680533,52.23186859680532,NA,NA,NA,NA,NA,NA
Salmonellosis,2015,7,664.7484964111279,1066,baseline,1.6036140070344882,60.36140070344883,NA,NA,NA,NA,NA,NA
Salmonellosis,2015,8,498.50978090866465,704,baseline,1.4122090016303703,41.220900163037044,NA,NA,NA,NA,NA,NA
Salmonellosis,2015,9,540.2983019422601,787,baseline,1.4566027640118404,45.66027640118405,NA,NA,NA,NA,NA,NA
Salmonellosis,2015,10,744.0084440692842,1273,baseline,1.7110020862632234,71.10020862632233,NA,NA,NA,NA,NA,NA
Salmonellosis,2015,11,677.2542180280971,1097,baseline,1.6197758106166407,61.97758106166407,NA,NA,NA,NA,NA,NA
Salmonellosis,2015,12,750.4567555598728,1291,baseline,1.7202856666096087,72.02856666096086,NA,NA,NA,NA,NA,NA
Salmonellosis,2016,1,2483.0490434450744,2429,baseline,0.9782327926273721,-2.176720737262795,NA,NA,NA,NA,NA,NA
Salmonellosis,2016,2,2028.058731510508,2152,baseline,1.0611132540511683,6.111325405116835,NA,NA,NA,NA,NA,NA
Salmonellosis,2016,3,1821.6611122939207,1784,baseline,0.9793259503429285,-2.067404965707156,NA,NA,NA,NA,NA,NA
Salmonellosis,2016,4,1697.486506940683,2068,baseline,1.2182718339994818,21.827183399948176,NA,NA,NA,NA,NA,NA
Salmonellosis,2016,5,1495.86901151187,1391,baseline,0.9298942549749866,-7.010574502501339,NA,NA,NA,NA,NA,NA
Salmonellosis,2016,6,954.7289099787495,1092,baseline,1.1437801752796046,14.378017527960468,NA,NA,NA,NA,NA,NA
Salmonellosis,2016,7,1193.9831780883544,1410,baseline,1.1809211602608194,18.092116026081936,NA,NA,NA,NA,NA,NA
Salmonellosis,2016,8,728.4134802772226,893,baseline,1.2259520508326376,22.595205083263757,NA,NA,NA,NA,NA,NA
Salmonellosis,2016,9,894.823916559515,1016,baseline,1.135418914490341,13.541891449034093,NA,NA,NA,NA,NA,NA
Salmonellosis,2016,10,1380.549769863033,943,baseline,0.6830612127033688,-31.693878729663115,NA,NA,NA,NA,NA,NA
Salmonellosis,2016,11,1317.6945059398158,1105,baseline,0.8385858748131334,-16.141412518686664,NA,NA,NA,NA,NA,NA
Salmonellosis,2016,12,1526.8171722071343,1763,baseline,1.154689659045061,15.468965904506096,NA,NA,NA,NA,NA,NA
Salmonellosis,2017,1,1980.229485035519,1909,baseline,0.9640296816233693,-3.5970318376630672,NA,NA,NA,NA,NA,NA
Salmonellosis,2017,2,2143.503164594462,1788,baseline,0.8341485235634252,-16.58514764365748,NA,NA,NA,NA,NA,NA
Salmonellosis,2017,3,2056.361753912831,2401,baseline,1.1675961174785487,16.759611747854862,NA,NA,NA,NA,NA,NA
Salmonellosis,2017,4,1520.7795840660044,1426,baseline,0.9376769749810826,-6.232302501891742,NA,NA,NA,NA,NA,NA
Salmonellosis,2017,5,1439.7582190572016,1187,baseline,0.8244439825301254,-17.555601746987456,NA,NA,NA,NA,NA,NA
Salmonellosis,2017,6,1034.6533801998482,1112,baseline,1.0747560693081695,7.475606930816955,NA,NA,NA,NA,NA,NA
Salmonellosis,2017,7,1040.8168801717222,832,baseline,0.7993721238098387,-20.062787619016127,NA,NA,NA,NA,NA,NA
Salmonellosis,2017,8,731.6282210265939,781,baseline,1.067482059267929,6.748205926792903,NA,NA,NA,NA,NA,NA
Salmonellosis,2017,9,871.8707751278203,890,baseline,1.020793476957089,2.0793476957089103,NA,NA,NA,NA,NA,NA
Salmonellosis,2017,10,933.8882688216189,1086,baseline,1.1628800106572876,16.288001065728754,NA,NA,NA,NA,NA,NA
Salmonellosis,2017,11,1131.4229077969137,1106,baseline,0.9775301457821667,-2.2469854217833305,NA,NA,NA,NA,NA,NA
Salmonellosis,2017,12,1465.1260237598333,1457,baseline,0.9944537032118369,-0.5546296788163066,NA,NA,NA,NA,NA,NA
Salmonellosis,2018,1,2122.9345669422732,1460,baseline,0.6877272727735938,-31.22727272264062,NA,NA,NA,NA,NA,NA
Salmonellosis,2018,2,2074.1396541367735,1531,baseline,0.7381373751504595,-26.18626248495405,NA,NA,NA,NA,NA,NA
Salmonellosis,2018,3,1891.947060160732,1777,baseline,0.9392440398670739,-6.075596013292602,NA,NA,NA,NA,NA,NA
Salmonellosis,2018,4,1404.86994569734,1269,baseline,0.90328645999335,-9.671354000665005,NA,NA,NA,NA,NA,NA
Salmonellosis,2018,5,1178.8446751190975,1098,baseline,0.9314204179520683,-6.857958204793165,NA,NA,NA,NA,NA,NA
Salmonellosis,2018,6,1031.4913812815216,1086,baseline,1.0528444732623525,5.284447326235245,NA,NA,NA,NA,NA,NA
Salmonellosis,2018,7,966.5681689316071,811,baseline,0.8390510116802585,-16.09489883197415,NA,NA,NA,NA,NA,NA
Salmonellosis,2018,8,802.7633888695649,919,baseline,1.1447956057065796,14.479560570657954,NA,NA,NA,NA,NA,NA
Salmonellosis,2018,9,911.3943957198295,713,baseline,0.7823177357118425,-21.768226428815748,NA,NA,NA,NA,NA,NA
Salmonellosis,2018,10,852.0737811626486,874,baseline,1.02573277023902,2.5732770239019915,NA,NA,NA,NA,NA,NA
Salmonellosis,2018,11,1106.2073040287403,1245,baseline,1.1254671664757456,12.546716647574563,NA,NA,NA,NA,NA,NA
Salmonellosis,2018,12,1208.8546534445816,1110,baseline,0.9182245333110153,-8.177546668898474,NA,NA,NA,NA,NA,NA
Salmonellosis,2019,1,1608.683466072676,1399,baseline,0.8696552364123054,-13.034476358769458,NA,NA,NA,NA,NA,NA
Salmonellosis,2019,2,1739.9408789297556,1599,baseline,0.918996742569524,-8.100325743047597,NA,NA,NA,NA,NA,NA
Salmonellosis,2019,3,1555.8371052245689,1738,baseline,1.1170835263947108,11.708352639471073,NA,NA,NA,NA,NA,NA
Salmonellosis,2019,4,1239.209317859643,1240,baseline,1.000638053740366,0.06380537403661424,NA,NA,NA,NA,NA,NA
Salmonellosis,2019,5,1112.5822084238566,1347,baseline,1.2106970521380458,21.06970521380457,NA,NA,NA,NA,NA,NA
Salmonellosis,2019,6,1012.5086783302323,789,baseline,0.7792525801370619,-22.074741986293812,NA,NA,NA,NA,NA,NA
Salmonellosis,2019,7,820.8190223773275,799,baseline,0.9734179864470813,-2.658201355291863,NA,NA,NA,NA,NA,NA
Salmonellosis,2019,8,838.4365129539044,938,baseline,1.118748987559383,11.874898755938291,NA,NA,NA,NA,NA,NA
Salmonellosis,2019,9,694.834953877122,832,baseline,1.197406658023619,19.740665802361892,NA,NA,NA,NA,NA,NA
Salmonellosis,2019,10,999.726787473582,1102,baseline,1.1023011624854762,10.230116248547613,NA,NA,NA,NA,NA,NA
Salmonellosis,2019,11,1263.0787229631342,1455,baseline,1.151947201348326,15.1947201348326,NA,NA,NA,NA,NA,NA
Salmonellosis,2019,12,1338.9580621939322,1211,baseline,0.9044346004502425,-9.556539954975749,NA,NA,NA,NA,NA,NA
Salmonellosis,2020,1,1622.2598574582275,1982,baseline,1.2217524775009947,22.17524775009947,NA,NA,NA,NA,NA,NA
Salmonellosis,2020,2,1770.9997532626467,2428,baseline,1.3709770402435044,37.09770402435045,NA,NA,NA,NA,NA,NA
Salmonellosis,2020,3,1711.3994759297436,1221,covid_acute,0.7134511942845333,-28.65488057154667,1019.4092190444563,4659.594167235885,834.570482467118,24381.674869060545,FALSE,FALSE
Salmonellosis,2020,4,1538.2176529721035,752,covid_acute,0.4888774995833688,-51.112250041663124,951.8171169099835,3648.09785204985,787.6943473322524,10758.730198887706,TRUE,FALSE
Salmonellosis,2020,5,1375.7301506479541,980,covid_acute,0.7123490021196602,-28.765099788033975,880.4242941403196,2934.841677585368,735.9003551321614,6595.593784462342,FALSE,FALSE
Salmonellosis,2020,6,964.2591772920058,648,covid_acute,0.6720184938450077,-32.798150615499225,660.0595103865726,1721.7230769700814,563.4831895318043,2839.7086521879887,FALSE,FALSE
Salmonellosis,2020,7,879.8028303380528,571,covid_acute,0.6490090510172611,-35.09909489827389,617.869101334308,1481.7632576430685,531.9625662796321,2262.9902027110725,FALSE,FALSE
Salmonellosis,2020,8,985.9739136167112,428,covid_acute,0.4340885636923466,-56.59114363076534,668.1816319926265,1803.5484997311453,568.5616711097367,3079.7418001362817,TRUE,FALSE
Salmonellosis,2020,9,760.58985477954,498,covid_acute,0.6547549863708704,-34.524501362912964,548.624941356633,1210.5070048484772,476.6868385935439,1730.0764610243707,FALSE,FALSE
Salmonellosis,2020,10,1006.3023253756826,713,covid_acute,0.7085345845085034,-29.146541549149667,671.2113579515423,1915.4745165848524,568.2483368442449,3478.183487396832,FALSE,FALSE
Salmonellosis,2020,11,1375.044289099192,649,covid_acute,0.4719847972498164,-52.80152027501836,823.6037570676871,3664.2709842023423,675.3079640048431,17063.162039382732,TRUE,FALSE
Salmonellosis,2020,12,1165.8841886771768,917,covid_acute,0.7865275204052958,-21.347247959470412,738.0175456804825,2570.4855996427045,614.8534313571251,6226.821582646619,FALSE,FALSE
Salmonellosis,2021,1,1665.8631782850573,1721,covid_acute,1.0330980493678381,3.3098049367838214,922.6180944238715,6393.620215176664,740.835753012185,NA,FALSE,NA
Salmonellosis,2021,2,1889.1790206391918,1111,covid_acute,0.5880861410498303,-41.19138589501697,990.1235871419188,10620.334132496157,784.2539790697325,NA,FALSE,NA
Salmonellosis,2021,3,1769.5793292253763,1194,covid_acute,0.6747366338883869,-32.52633661116131,926.6263309370154,10022.499484146372,733.8045709448603,NA,FALSE,NA
Salmonellosis,2021,4,1376.8737681538962,1162,covid_acute,0.8439408367536861,-15.605916324631389,799.8755811849286,4160.055181620094,650.3766292447098,55282.068569157884,FALSE,FALSE
Salmonellosis,2021,5,1378.8627631052498,708,covid_acute,0.5134666182481844,-48.65333817518156,799.1168477874388,4210.512361858128,649.3413886486413,66242.71703133426,FALSE,FALSE
Salmonellosis,2021,6,852.1532848297446,558,covid_acute,0.6548117691190796,-34.51882308809204,578.1857603913957,1554.2121397845647,492.1737693983787,2642.5874978306647,FALSE,FALSE
Salmonellosis,2021,7,836.6756645300836,577,covid_acute,0.6896340176501612,-31.036598234983888,570.7392225826015,1506.3330056015848,486.68068618682355,2513.6581532746136,FALSE,FALSE
Salmonellosis,2021,8,961.553923053815,394,covid_acute,0.4097534111749957,-59.02465888250043,628.0786960292379,1935.066315241183,528.2639050255882,3868.9884906911566,TRUE,FALSE
Salmonellosis,2021,9,810.3924479512857,477,covid_acute,0.5886037082476284,-41.139629175237154,556.6020987326915,1435.5628066841973,475.68593085522724,2341.8352050416947,FALSE,FALSE
Salmonellosis,2021,10,1076.1623286217336,844,covid_acute,0.7842683000072401,-21.573169999275983,676.1714037971784,2428.351292549671,562.0873990086492,6230.695791605037,FALSE,FALSE
Salmonellosis,2021,11,1435.1649337997628,1005,covid_acute,0.7002679457469378,-29.973205425306208,809.678164676285,4983.892715192152,653.256212329904,NA,FALSE,NA
Salmonellosis,2021,12,1202.2790426816764,1038,covid_acute,0.8633603041809221,-13.663969581907786,725.5847672715339,3113.9087043534582,596.1996083321247,12668.774872463291,FALSE,FALSE
Salmonellosis,2022,1,1874.6922391203045,924,transition,0.4928809010451684,-50.71190989548317,941.7414860416052,16419.396249346803,738.5548409327967,NA,FALSE,NA
Salmonellosis,2022,2,2220.104535745189,1110,transition,0.49997645702184157,-50.00235429781584,1027.7571107460694,68322301.89481659,791.7216505529716,NA,FALSE,NA
Salmonellosis,2022,3,1742.2990665261211,1175,transition,0.6743962747697334,-32.56037252302666,834.2080300921311,39831.15451816207,647.2564720974201,NA,FALSE,NA
Salmonellosis,2022,4,1483.650669058081,1187,transition,0.8000535602855797,-19.994643971442027,765.6275933347011,9599.108848015048,604.2041524148015,NA,FALSE,NA
Salmonellosis,2022,5,1380.8985334562406,767,transition,0.5554354512060212,-44.456454879397874,733.8536300570308,6947.271872598434,583.2239997525661,NA,FALSE,NA
Salmonellosis,2022,6,923.2591293158207,630,transition,0.6823653078490112,-31.763469215098883,565.8224433057171,2262.7921652129908,466.96008637551745,7423.991408286087,FALSE,FALSE
Salmonellosis,2022,7,865.4814314096919,623,transition,0.7198305791324265,-28.01694208675735,542.5312767901873,1967.4486184499985,450.68555235881433,5146.187663570932,FALSE,FALSE
Salmonellosis,2022,8,978.5421248240042,545,transition,0.5569509847090344,-44.304901529096554,586.1746507225532,2606.601757320509,480.64385325859826,12112.962081367607,FALSE,FALSE
Salmonellosis,2022,9,778.6649091370185,694,transition,0.8912691349725118,-10.873086502748821,503.003752352645,1616.5718589966218,421.6280141357312,3432.4247080186424,FALSE,FALSE
Salmonellosis,2022,10,1031.5754948994247,690,transition,0.668879789614693,-33.112021038530706,603.2800943645642,3028.068054443294,491.40926193473064,28206.664617578415,FALSE,FALSE
Salmonellosis,2022,11,1397.8209110714404,791,transition,0.5658807889729539,-43.4119211027046,719.5340488815154,9269.432019114001,567.4945128061358,NA,FALSE,NA
Salmonellosis,2022,12,1180.0212623457994,989,transition,0.8381204911799109,-16.187950882008902,652.6144420647615,4565.9197237459675,523.841085509279,NA,FALSE,NA
Salmonellosis,2023,1,1737.4078359883804,1154,post_covid,0.6642078941375961,-33.57921058624039,805.4567099408619,1256087.656636777,620.6615000215719,NA,FALSE,NA
Salmonellosis,2023,2,1998.3888225140915,1165,post_covid,0.5829696337744529,-41.70303662255472,861.3849782100618,NA,654.0871727180504,NA,FALSE,NA
Salmonellosis,2023,3,1761.6497941992095,1343,post_covid,0.7623535644951984,-23.764643550480162,785.2322192393804,NA,600.2183834824796,NA,FALSE,NA
Salmonellosis,2023,4,1414.2544098360363,925,post_covid,0.6540548811915964,-34.594511880840365,702.3262341995348,14574.062537486701,549.357091761421,NA,FALSE,NA
Salmonellosis,2023,5,1380.396447093434,797,post_covid,0.5773703646355836,-42.26296353644165,692.2697751847337,12362.266774884842,542.699491314746,NA,FALSE,NA
Salmonellosis,2023,6,876.6286079508477,804,post_covid,0.9171500823813863,-8.284991761861367,526.9992220164893,2303.7318739607927,432.55275153890847,10016.655421662888,FALSE,FALSE
Salmonellosis,2023,7,846.9856062347767,730,post_covid,0.861880053954129,-13.811994604587099,515.5917632034908,2125.8166958424517,424.68794372173323,7603.446539699374,FALSE,FALSE
Salmonellosis,2023,8,967.8240089474303,649,post_covid,0.6705764622494005,-32.94235377505995,559.9287208515055,2978.4056283560494,454.77162760741663,54085.106713782036,FALSE,FALSE
Salmonellosis,2023,9,798.9613628942984,858,post_covid,1.0738942329974877,7.389423299748767,495.28605733366356,1883.3089884149235,410.10105638687185,5452.803546492341,FALSE,FALSE
Salmonellosis,2023,10,1060.0690278748673,814,post_covid,0.7678745238240148,-23.21254761759852,590.3080343855245,3946.1498998559346,474.66096954536016,NA,FALSE,NA
Salmonellosis,2023,11,1421.9868734340387,843,post_covid,0.5928324766910051,-40.71675233089949,694.9915739032218,19354.248458330305,541.6805096920368,NA,FALSE,NA
Salmonellosis,2023,12,1194.4787653917158,1116,post_covid,0.9342987354270968,-6.570126457290312,631.6828242921821,6240.5346148595445,501.4273551473862,NA,FALSE,NA
Salmonellosis,2024,1,1823.816598934953,1162,post_covid,0.6371254657286092,-36.28745342713908,785.9485932563217,NA,596.7772633551966,NA,FALSE,NA
Salmonellosis,2024,2,2136.3245386452586,1325,post_covid,0.6202241167160132,-37.977588328398674,843.759703100697,NA,630.4262954472651,NA,FALSE,NA
Salmonellosis,2024,3,1749.4711051865243,1638,post_covid,0.9362829686891917,-6.371703131080834,737.1491677963083,NA,557.3201268466968,NA,FALSE,NA
Salmonellosis,2024,4,1458.3312245849029,1115,post_covid,0.76457253414249,-23.542746585750994,675.4811319843252,2869414.0302661075,520.4098368089404,NA,FALSE,NA
Salmonellosis,2024,5,1380.8661891246402,1106,post_covid,0.8009465426198293,-19.90534573801706,656.0873901853458,41923.9269027077,508.2076209126157,NA,FALSE,NA
Salmonellosis,2024,6,906.1403620763695,757,post_covid,0.8354114127146673,-16.45885872853326,513.9947768755791,3061.725930968321,415.28385850323355,NA,FALSE,NA
Salmonellosis,2024,7,858.8349137367645,697,post_covid,0.8115645845921357,-18.84354154078643,497.55732367071244,2626.753936410028,404.26304888054733,42500.523180943215,FALSE,FALSE
Salmonellosis,2024,8,974.739435359441,761,post_covid,0.7807214650337572,-21.927853496624287,536.0979170026665,3896.297669401597,429.7088503329431,NA,FALSE,NA
Salmonellosis,2024,9,785.8244147452284,679,post_covid,0.864060707785642,-13.593929221435793,469.3219846766774,2117.583444953395,384.50708252264826,10457.602119848223,FALSE,FALSE
Salmonellosis,2024,10,1041.6183466548273,784,post_covid,0.7526749144903482,-24.73250855096518,555.5690693535466,5099.976074742859,441.926752377672,NA,FALSE,NA
Salmonellosis,2024,11,1406.420677316757,1077,post_covid,0.7657737242990177,-23.422627570098236,651.7737348779017,1391430.622071807,502.19938065197266,NA,FALSE,NA
Salmonellosis,2024,12,1185.182913180042,940,post_covid,0.7931265204269814,-20.687347957301856,595.8390164018831,10274.426041903807,467.36724670473063,NA,FALSE,NA
Salmonellosis,2025,1,1767.4155775380318,74,post_covid,0.04186904367057818,-95.81309563294218,725.7802484203547,NA,546.0958377218375,NA,TRUE,NA
Salmonellosis,2025,2,2045.7209579489845,0,post_covid,0,-100,772.8346124523117,NA,573.0233041659656,NA,TRUE,NA
Salmonellosis,2025,3,1757.3373822016417,0,post_covid,0,-100,703.2681121870883,NA,526.6864446131797,NA,TRUE,NA
Salmonellosis,2025,4,1429.7254289767777,0,post_covid,0,-100,639.3758035572731,NA,489.0509977132268,NA,TRUE,NA
Salmonellosis,2025,5,1380.589602817403,0,post_covid,0,-100,627.7999358140238,NA,481.8309787289658,NA,TRUE,NA
Salmonellosis,2025,6,886.9604361308382,0,post_covid,0,-100,491.1905611264845,3405.8250802643056,394.40332227565824,NA,TRUE,NA
Salmonellosis,2025,7,851.1870291231986,0,post_covid,0,-100,479.36368318180473,2983.082904422973,386.5766201557163,NA,TRUE,NA
Salmonellosis,2025,8,970.2902367445363,0,post_covid,0,-100,516.9090706044287,4792.691711012682,411.0550292261877,NA,TRUE,NA
Salmonellosis,2025,9,794.2292890704371,0,post_covid,0,-100,458.68190961987045,2463.8629312253383,372.3622926522627,53129.236426242154,TRUE,FALSE
Salmonellosis,2025,10,1053.4193182306008,0,post_covid,0,-100,540.229684389824,7255.961217629474,425.7041630242721,NA,TRUE,NA
Salmonellosis,2025,11,1416.404045632762,0,post_covid,0,-100,628.8691272725181,NA,480.31880850637816,NA,TRUE,NA
Salmonellosis,2025,12,1191.1514973930614,0,post_covid,0,-100,576.2912279546208,20300.746024747416,448.158759531064,NA,TRUE,NA
